sst,chl_log,ssh,current_speed,current_dir,sst_gradient,chl_gradient,front_strength,ftle,ftle_ridge,thermocline_depth,d20_depth,mld,dist_to_front,dist_to_eddy,dist_to_seamount,dist_to_shelf_break,bathy_depth,bathy_slope,moon_phase,season_sin,season_cos,day_of_year_sin,day_of_year_cos,sst_7d_trend,chl_30d_anomaly,sst_x_chl,front_x_ftle,ssh_x_thermo,sst_local_std,chl_local_mean,current_local_mean,ais_fishing_density,viirs_light_density,lunar_cpue_modifier,zooplankton_index,spawning_season,enso_oni,omz_compression,eddy_enrichment,dvm_accessible_depth,salinity_front_strength,productivity_front,habitat_compression_ratio,cpue_target
26.670117895470835,-0.6023425507491589,0.024594730939617074,0.22272619334828478,0.8707941684884997,0.009760387600554282,0.004819867165471141,0.058935511756714534,0.004237385161917707,0.0,127.25224414466776,186.03453762835898,56.314738891614724,13.946441586988897,168.26379551355961,36.73239127381611,175.2175108345065,-2086.1349367012363,1.2260940054293354,0.22619589995452882,0.9941098647022418,0.10837701279187609,0.9941098647022418,0.10837701279187609,-0.00733583150642933,0.18886447042365284,-16.064546841938693,0.0002497324630279288,3.1297347062005656,0.06217956557747763,0.23720869672401157,0.2547709012753909,0.027096942473477242,0.1966454569491144,0.9751797229549397,0.47685991013529566,1.0,0.008370895156495521,0.9637721947210688,0.1465270959922763,162.26821162863334,0.039266249244092714,0.02732046596797901,0.6132108731124386,0.3315220456276001
26.48243958195473,-0.3467035259789198,-0.002867828767479938,0.17793659731887268,2.510764979210286,0.027631505569267495,0.014575248696230137,0.27457166599777405,0.050781298559106826,0.0,109.71949807833026,171.76921143269425,30.75903628005229,68.42513547915595,40.39862607019873,137.1944109121911,137.44029191424474,-5044.453304536908,0.03923758933634385,0.2888010668157799,0.9655071658143364,0.2603764827344581,0.9655071658143364,0.2603764827344581,0.030679275800568798,-0.0528731387026801,-9.181555179587415,0.013943105746904324,-0.3146567329424953,0.04189321593649037,0.45522149348220003,0.04430721820790262,0.26188261680208325,0.04081193559613589,0.9608886892790212,0.2000692234347842,1.0,-1.2016866967102469,0.9961719224986256,0.6733591728504235,146.98005590040285,0.086525591248953,0.28464818909055634,0.5464974166813725,0.31913763734263234
30.225889821959214,-0.30821343693074027,-0.005261209305538901,0.16117195798585013,-2.4550216686744033,0.0017405960909223615,0.007854477597445541,0.013429737766406219,0.021504968387229526,0.0,101.4667126432959,148.46890171177904,35.04789868171688,79.02463934502873,50.075194983718674,37.31164617297289,23.47557592279061,-1073.6469566780795,0.14989826092939917,0.136470164542689,-0.8616928164028522,-0.5074302810827518,-0.8616928164028522,-0.5074302810827518,-0.06682050439259905,-0.05726268135736282,-9.31602538631593,0.0002888060861153482,-0.5338376127613501,0.46360430999457586,0.466647653332833,0.17141892416852889,0.0054292185673541675,0.08793911711684896,1.1898987972659432,0.14800001067698831,0.0,-0.2418217094721184,0.8759055818730443,0.5429410249128036,119.08061481759634,0.1855925067262273,0.022993366083579714,0.4443762998928554,0.0004373121498283861
24.353342538429285,0.27973519748212233,0.06130442097707861,0.011619739324795405,0.7718953836403388,0.03126737271940738,0.0022064136057711355,0.33015565989615453,0.011966271387918854,0.0,138.72040129012228,178.10343334259153,33.78030815197375,15.165228037539634,4.614439852426802,157.08359500593778,215.16883023398896,-1440.1167818893216,1.1554108478320861,0.9185854490691312,-0.16057454459499376,-0.9870237158387383,-0.16057454459499376,-0.9870237158387383,0.024931793362592276,-0.29034108275307974,6.8124870843372864,0.0039507322265748225,8.504173878798936,0.5975446364878787,1.9182902681469696,0.00917041492174782,0.4995579306146778,0.12021663675497846,1.3165361156314885,0.45203117344732774,1.0,-1.46060413908148,0.9599260299628488,0.9818759915288718,167.8909902167807,0.04144039262726969,0.1971538489605514,0.6658066204264017,0.10551569189908636
29.64454610137399,-0.4924678093530316,-0.0542080797194501,0.12587860032447096,2.1957333643252506,0.03549384674576023,0.0026513119695040967,0.11918972155887064,0.07537127420368056,0.0,142.3145962742331,202.12438975775984,48.35467530121933,42.79450708868436,50.033491816235475,74.88330898031258,4.636535115360723,-2566.762199738205,0.10885343071074668,0.05034584623646854,-0.7621140503891487,-0.6474427960827475,-0.7621140503891487,-0.6474427960827475,0.004450612683951134,0.15634804560956347,-14.598984677808602,0.008983481185873976,-7.7146009800749855,0.2551263148437351,0.44998576770731397,0.20018054500022833,0.806701675351893,0.07993591247105362,1.233305867185813,0.23827341423683435,0.0,-0.05245652420321211,0.8685668466496298,0.5594700952665419,123.71906198328895,0.03814469445116188,0.10258323187715973,0.618048700590629,0.0026875166086076747
27.03323936391511,0.22265220288205717,-0.09476863356391757,0.7625578956004849,-1.0623560720191252,0.009397390177924883,0.015620626497332715,0.28206153248003374,0.008927109587759744,0.0,115.50289920915037,168.07151157815895,32.647966451752986,27.03983627566991,23.180584246668133,146.65310685219774,5.1707330375393274,-3427.037079810734,0.4474020236299443,0.012846248555894224,0.9798567700958665,-0.1997015525660636,0.9798567700958665,-0.1997015525660636,-0.03218778069161534,0.0982109209617571,6.019010295413642,0.002517994210940716,-10.946051930722076,0.5053887005779641,1.663672956906691,0.8107918653086658,0.4102678205713575,0.10008943440708339,1.326567671796034,0.4597372779874756,1.0,0.10132118193589115,0.9324267018942776,0.8390117210435829,138.88292500379444,0.245298908490513,0.30507090671413595,0.5384899368440762,0.08822115911424565
31.919203636753853,-0.8617184026470743,0.30237814526223916,0.2915689498606761,-1.9154719604781025,0.024646893298925318,0.02363847803555439,0.23174010163579742,0.09477031748607427,0.0,130.00299066745296,158.66356093620672,118.8949421642961,152.25605179509677,32.15928090672443,30.864270185482372,36.819976992784014,-2595.197555077407,0.20621619780104283,0.18298893352686874,-0.17752914918703497,-0.984115542601034,-0.17752914918703497,-0.984115542601034,0.04273365432456522,0.25719947293565676,-27.505365171630217,0.02196208300627964,39.31006319656861,0.3955230150396673,0.11572303815840797,0.23488436558333609,0.09488724514863457,0.09847372259130195,1.119598495593583,0.34130790366242875,1.0,-0.03609000542543321,0.8625571820939754,0.7080705536371438,138.43108274046295,0.03807853543753776,0.21821096000617896,0.560675066469538,3.342553191448768e-05
22.464241253619797,-0.01432743014398652,-0.07158574437812334,0.07139752683247741,-1.4764146788623755,0.019342209146733118,0.0035818224753325083,0.25148435341202974,0.021793570185118016,0.0,136.80450189467967,181.88345754329572,46.14534447162962,32.65409781698374,99.01274796708394,361.9861130669954,11.904183949641657,-2829.4069581922267,1.0141499168473955,0.8108740179106257,-0.7717727365467836,0.6358984534680745,-0.7717727365467836,0.6358984534680745,-0.11011283844892782,-0.04216594267123346,-0.3218548472988978,0.005480741906544093,-9.79325210240903,0.2871955499188443,1.018314703295309,0.13350445776385644,0.19765031934618144,0.05749390233305665,1.1020359696550857,0.5398923353124632,0.0,-0.163938578804333,1.0,0.42465600138240894,219.96432305819803,0.0586833099290809,0.11099164377121976,0.6840225094733984,0.3340931481950962
31.375194245299145,-0.542344648748101,0.010014291246007646,0.5246821880509527,-1.426699471841688,0.014383485791631548,0.005018436765703329,0.006024723762913048,0.002814170569881716,0.0,93.36810405633878,142.1246487041155,68.58170690702254,0.27785126639617486,27.675481054845456,240.67218941406972,3.762827665212453,-3965.684530508786,1.060497294419964,0.5234667866310813,0.9111686353326631,-0.41203363695942635,0.9111686353326631,-0.41203363695942635,0.01733403743718545,-0.02835582924007938,-17.0161687023702,1.6954600305256927e-05,0.9350153871077245,0.563079747925875,0.29882951049632783,0.5115664617719029,0.2173345020366744,0.041933833579874014,0.6621598481872873,0.25482190426026347,1.0,1.5156940156354024,0.862960121203612,0.7021092274356528,100.72867495738612,0.048292271252095266,0.0,0.40286475196504784,0.00025330820058832795
26.51791756096383,0.7405620908120703,-0.14956602508753675,0.33116582061032906,-0.3317586877963179,0.02749663314008764,4.705638346180289e-05,0.22786630527595136,0.018046255709579934,0.0,130.362106361878,172.70523835645082,31.63519833647128,36.57699129297626,35.98799211736139,122.8167622400313,99.18621893614907,-1093.1848973104718,1.2900851559823816,0.6258432873769864,0.6029878670694714,-0.7977503570459932,0.6029878670694714,-0.7977503570459932,0.08097175790366462,0.03400910571212715,19.63816447292949,0.004112133612607021,-19.49774207058478,0.061639113049058745,5.5744926301324815,0.2859431592955268,0.12890195797740425,0.041964045112807435,0.8068673634518544,0.6010473822378176,1.0,-0.08112852650256745,0.9484756713308974,0.6638716222190945,194.29589821595943,0.02694194971049214,0.19178678488840833,0.6182264317384605,0.010640601147859962
29.460190980491014,-0.7717392447727625,0.011646841505142192,0.9158308200089708,-1.093502933931374,0.008440793260612046,0.0011418116424682962,0.017176345974079008,0.04867422592267435,0.0,60.41746443926879,132.64349835740072,49.49645467713595,45.13701779058849,83.02349633439877,262.22130554367857,200.23229801221976,-2000.7007384051517,2.0175019449141756,0.3577316754157348,0.8584015232918917,0.512978386299228,0.8584015232918917,0.512978386299228,0.07199715695503309,0.1783795151014191,-22.735585538145482,0.0008360453444683396,0.7036726324667282,0.097719876560589,0.1773800005808416,0.9256859825525309,0.6164341144252794,0.016876752953444412,0.8323707111941966,0.33567808259930887,0.0,-0.09192301721478513,0.8932260169899057,0.45499359010121887,63.76560085882275,0.22721040046638108,0.03536777655180799,0.2698322555885866,0.0068683667606742405
19.23204811460298,-0.43449364169511506,-0.09332255506893351,0.09739751573362716,-1.4371273857321754,0.03643444432189488,0.012008145795494066,0.5113168196698034,0.020176205612748504,0.0,183.43111856203296,240.62870411556622,59.5786647360081,22.039895026709967,32.3696430189017,113.76766974503569,187.01164600276746,-2512.9973788979883,0.7237373081233213,0.06867798554917004,-0.7731383255706026,-0.6342374393978054,-0.7731383255706026,-0.6342374393978054,0.019490336026926125,-0.2940431244194958,-8.35620262256952,0.010316433286914601,-17.118260663361394,0.6076088185587538,0.35528961642387236,0.08725904795043625,0.12820766156642924,0.17378427755178597,1.3260535888797276,0.41957688473904114,0.0,-0.24260711703974147,1.0,0.7819946873193545,213.9313944201684,0.6545849600822921,0.3383521941070871,0.9171555928101648,0.11373707322055326
27.912723066375115,-0.5873711316215501,-0.0442472942850011,0.07325002932044275,0.9331302912746331,0.04851257060569771,0.04007685286142326,0.42654434537338887,0.009007549680635973,0.0,109.64604416513967,180.2436679334694,48.07422233873025,134.89201915900026,92.23334422284725,1.0238649282510328,121.48129729606592,-3838.4939512196265,0.06142270081885344,0.8561581624921681,0.20496611396949532,0.9787690698649216,0.20496611396949532,0.9787690698649216,-0.015084038806542294,0.14721122674767492,-16.395127734135695,0.003842119381945149,-4.851540783361163,2.080716494383767,0.16941396271263492,0.15017329502186894,0.5805893084636701,0.2878043831675509,1.2158337158471337,0.3099171351814075,0.0,0.6113118256186646,0.9032092810975872,0.48092064945619045,171.74218561887707,0.01705107550156069,0.5694916490600067,0.49516662362795055,0.04988351660173277
25.356197069418933,-0.3676974917959226,0.10450646657711238,0.6582608800526561,-2.808380435096122,0.01899822165425009,0.009241010416367344,0.26579021523651003,0.018975306103390738,0.0,163.46469877751633,217.41607770229874,45.157289439319754,90.71816765762989,15.9166993872498,107.99588169580616,21.569117713862692,-2509.1213531908165,2.930918091573453,0.19189427212540744,0.9999855506507186,0.005375731557583884,0.9999855506507186,0.005375731557583884,-0.03179012782738155,-0.004099112434566106,-9.323410063908465,0.005043450693398887,17.08311807933025,0.5226357817620102,0.34786039554277837,0.6752919814772167,0.23794052269986543,0.07112370740365664,1.089292884747839,0.5331588902168236,1.0,0.3359977594720995,0.9649774581843117,0.854922233881037,152.41608203093523,0.058966736679863865,0.19535239675940672,0.7886987476459594,0.7846788543742104
28.85349136507762,0.20322959044389793,0.047200956837807374,0.15536430168657744,-1.0030239636861094,0.004197608407284788,0.008029452333949236,0.0,0.008322362862319318,0.0,80.00208571904129,131.22290326541747,55.881691707275294,24.958400802208757,6.733267389241292,74.62447234781365,18.704740833845378,-2261.0785101610727,1.284166907360713,0.033059200545114686,-0.9753363880767837,-0.2207236509605022,-0.9753363880767837,-0.2207236509605022,-0.015146289695282103,-0.2117274535907393,5.86388323300127,0.0,3.7761749949590335,0.28701414120107827,1.5049380997154505,0.16564724773087774,0.04037638983467167,0.0761818105890749,1.2634354011895863,0.470133573723612,0.0,0.21962965043754942,1.0,1.0,71.0955656519679,0.055440764082683815,0.0,0.40001042859520647,0.003348311338374002
28.792295692261444,-0.6546953229062947,0.056840952457481914,0.1237254448004387,1.192246764405633,0.0009198864470045461,0.0149868972184531,0.0,0.0948524294583747,0.0,130.10988952980577,166.06092226565204,91.6219088478023,17.2602966119848,23.87154339256131,69.9976371008793,337.9144400621809,-1824.9412374659773,0.7148526451891535,0.5727041359331937,0.13718540405660057,0.9905453876091833,0.13718540405660057,0.9905453876091833,0.02719036239589531,-0.4169211505308133,-18.850181325458625,0.0,7.3955700450119135,0.7368659843857376,0.2404317422861641,0.1687577989432107,0.6513113806831374,0.5014603013913201,0.6897064887723412,0.5292139239144327,0.0,-0.25858701080031465,0.9452047512777988,0.7731557583280138,131.80464657369436,0.028934200675160796,0.06513930734261669,0.6149024288590097,0.014442406311049467
26.203708742288335,-0.4071392730865758,-0.1771204838391863,0.3511001026674799,-2.036696092636163,0.009917182041872879,0.0034118383355030437,0.07461680389866018,0.03321638487254977,0.0,134.61976159574195,184.79870459369045,48.72814176356112,16.149336911788986,66.88684917537717,183.71314854881405,16.06228577131195,-2892.280175018356,1.2769620343593542,0.08328922038460107,-0.05587875690537313,0.9984375616565666,-0.05587875690537313,0.9984375616565666,-0.04036219027297081,-0.02729474237567068,-10.668558929507624,0.002478500476257469,-23.843917308153724,2.165641804856096,0.32350379628460696,0.4057436835721155,0.2070461047915055,0.18928039153253776,1.3040459169990677,0.30989024366879125,0.0,-0.4745517102053499,0.9069267918590486,0.5672262890767457,113.38458432807855,0.10891471946944219,0.005628473184412647,0.6104513425242809,0.29788289978703636
33.834072842672896,-0.41839663416113976,0.18368951698290129,0.13206030973310118,-1.753461955787026,0.0013384521825084944,0.007915295205528949,0.14176903450801498,0.04110225243003732,0.0,129.97054093911248,180.1663498242441,67.99805911291406,11.336970930381614,20.25761103814173,24.324403136354135,500.0,-1492.7856622259758,0.37794877037277674,0.09576185185983421,0.5610336262283677,-0.8277930117131022,0.5610336262283677,-0.8277930117131022,0.03787119090251905,0.289542596654814,-14.156062197337166,0.005827026643111103,23.87422588711197,0.19877364397202232,0.4443744748191477,0.17124056444796615,0.03097106268799702,0.1473848065969142,1.2239689203577575,0.46152323887138436,1.0,0.2300447516994907,0.8654529033454053,0.7695152767958434,147.0457438558776,0.33901597424537583,0.09066757355251362,0.5624169100256388,8.900316940755883e-07
31.109850521207346,-0.5049672204612126,-0.11918813109418752,0.06983130104620319,-1.8807670611540404,0.009189504449794498,0.00492139513834177,0.0,0.14115719667910895,1.0,111.49133696080624,140.98462870029275,38.944205431616915,117.21454948523882,407.804862391407,390.717440716441,274.1104927289771,-1201.4896952283746,0.6415315283944085,0.8003770314825251,0.5891760872322963,-0.8080046647350754,0.5891760872322963,-0.8080046647350754,0.10665802590016621,0.334936933348279,-15.709454746657878,0.0,-13.288444085550807,0.19950421281066227,0.3141438607666501,0.14080447468695087,0.6513002571932108,0.027601700092639188,1.1377876376950267,0.36828806887476523,1.0,-0.43044941292472727,0.8323010451157957,0.037950516031669324,134.3293011496382,0.007913835121522954,0.004477495553978486,0.4639717813691819,0.0002574817807883824
26.698764347912224,-0.49220840791936593,0.1528560814293865,0.3784350977917782,-3.1357737533821495,0.04885103215161811,0.004807615506537001,0.35694396598873784,0.011639331670379371,0.0,164.69151088074463,206.5985988341887,41.27152630450022,22.295103738999956,86.71584546546464,181.27357147864208,63.219346507969796,-6533.2291934662735,1.7988368093961782,0.4916095893179955,-0.2280577712215198,-0.9736476020539838,-0.2280577712215198,-0.9736476020539838,-0.0030941617563697518,0.07107524213401928,-13.141356293100204,0.0041545892078835335,25.174098997915795,0.0029306898662426386,0.30974299858236615,0.4088692184374676,0.44864811922767744,0.1525142394962129,0.7161689507998521,0.34339449714541875,1.0,-1.0963468912415628,1.0,0.3030590600196943,190.02801515302028,0.29882084165493733,0.17315884097370143,0.8234575544037231,0.17617995909689993
23.10803334578337,0.013416954210803855,0.10215438659814863,0.2466987762230536,-0.16482207626615075,0.028242391712067598,0.002050011585737139,0.0876934005516943,0.008685717883223462,0.0,129.23851619704357,174.38927721929812,48.89497703526531,5.328533873307265,34.516599334291634,101.11716558134043,63.25141328830731,-3403.183538694268,1.5093221257712806,0.241508452247143,-0.7731383255706026,-0.6342374393978054,-0.7731383255706026,-0.6342374393978054,-0.06721974016416526,0.39240113276844957,0.3100394253021041,0.0007616801374125294,13.202281346963881,0.2379473186966649,0.9891830871375011,0.2550813494593887,0.09682364914236626,0.010394186032328868,1.0258956839586566,0.5152440771783752,0.0,1.414942960560378,0.9894518860314659,0.6520232527776878,149.72695710174878,0.059321849838476146,0.0,0.6393764679953645,0.3802360953257244
31.844547165745045,-0.3787986315623059,0.05773327417846801,0.04620093295062044,-2.8968073603449045,0.0015590138943096619,0.005855540089255661,0.0,0.011719691869708273,0.0,122.12153466055116,178.32372782138697,33.61771784505241,64.62088637149364,398.5699506551207,61.39156112712473,26.16074449934872,-1252.774218881061,4.24545313521562,0.34862642335951877,0.24893980855376657,-0.9685189578512204,0.24893980855376657,-0.9685189578512204,-0.06723723731582064,-0.008588216591348978,-12.062670889105531,0.0,7.050476043652885,0.05080073370542188,0.44913708353624104,0.1081595360550219,0.16386727172972407,0.024387158200345975,0.816559566974697,0.36326285734669517,1.0,0.5282190764324278,0.8411192642106287,0.041913283237837926,97.7462361394179,0.3362849283757075,0.10890278212989313,0.5135938768897779,3.64120151848194e-05
23.171153870277493,-0.3555134697203257,-0.08549847809083816,0.36453662168627327,-1.4266612385013788,0.004476877667330662,0.007197892775737002,0.0,0.12755398004472082,1.0,124.26842090938527,181.18867258917086,33.558680208223485,4.679809408356244,37.4708005731927,336.8656482122339,67.56736189134148,-1058.5781546910705,0.5172783351263489,0.7292409788431715,-0.6644834655228552,0.7473029667054296,-0.6644834655228552,0.7473029667054296,0.038828277585578774,0.19066071032855625,-8.237657309845906,0.0,-10.62476086250413,1.1901812019901725,0.400823792729091,0.35999181468216634,0.7502966803289426,0.07974205045388817,0.9808012107777592,0.1304764458262183,0.0,-0.3857101548967312,1.0,0.6218680500130792,177.19022845950298,0.06943141785717864,0.050931866100604704,0.6213421045469264,0.770167671692136
22.3884998870576,-0.38994748012530267,0.015158984481952293,0.048942168474323984,3.1089416073384184,0.02204207198757275,0.01920317047089335,0.058972594466688566,0.07509681481901063,0.0,119.28419540834297,160.5644181788649,168.5767315915414,138.50082944904395,0.8750189498856922,52.694902263562376,10.968276951073713,-3521.4578506811554,1.27425196050927,0.06635414475660184,-0.22596360824801906,0.974135744004672,-0.22596360824801906,0.974135744004672,-0.002987308948022181,-0.09024617778128546,-8.730339114743733,0.0044286540060615226,1.808227267137236,1.536539052979525,0.35816064567973693,0.05060449429155706,0.1251918162068865,0.03906056777526807,1.273838590336427,0.0852210656637738,0.0,1.6452258112231106,1.0,1.0,114.67681237233461,0.04296048569319553,0.11422854785279912,0.5964209770417148,0.7943532927331793
28.44173749604679,-0.5916321912600517,-0.04709214106448598,0.013550373211818451,2.6288609279871364,0.06095720957047521,0.030445282011447583,0.5361573210432853,0.1603955367388512,1.0,98.59750049570832,155.6305445338366,76.08364379986838,2.541791047914638,52.3953332309399,500.0,70.26202439112839,-4918.613738947244,1.0324906438126549,0.11648061593320991,0.9559793438440766,0.2934339689665273,0.9559793438440766,0.2934339689665273,0.04384154480320265,-0.10291976785682973,-16.82704747802934,0.08599724128520231,-4.643167401949623,0.07534090918343381,0.3154928659382321,0.0996292190766642,0.2555453998681978,0.054103149537670814,1.2121015588592394,0.4884973873393971,1.0,0.054776787651936436,0.9798147219515245,0.6374977564359685,112.69093589663,0.005069441192087521,0.4581869620546677,0.4830364126665887,0.034477837567439724
25.76627651263307,-0.600373690762198,0.0029039571505291815,0.2947142848202824,-1.7902314958521386,0.026078585446506465,0.0009325153908970909,0.05931440637172314,0.005214827680562079,0.0,133.59767980902768,180.86649586879992,87.0601270504396,25.728434310200925,100.35388881521563,136.164184328788,215.36878490514962,-2833.2787347626554,0.07322783339789464,0.6162620349905696,-0.9626519747161487,-0.2707418984477642,-0.9626519747161487,-0.2707418984477642,-0.02668171245796748,-0.13550182337612726,-15.469394527088854,0.0003093144082033696,0.387961937575534,2.1025480607099283,0.26870365768258697,0.37581049121804394,0.47851992555588857,0.045009619093812764,0.797427062583987,0.4829697921736399,0.0,0.19947691674127355,1.0,0.3415138482360178,170.7112900023376,0.0006460772860383156,0.05787314388281658,0.6679883990451384,0.09386960343813586
32.15429068419478,-0.2646635378840423,-0.02498722590855599,0.07338564560543372,-1.193789928198231,0.0030197220445805613,0.0012016531878152501,0.0,0.013872581184334973,0.0,89.9791541116727,96.93485373884835,69.74300691851067,31.29882513246047,27.280585045217375,421.1288355326659,64.89067068589448,-1093.0589361875209,0.4344358161053823,0.6069717344671073,0.9487718864399473,-0.31596187665790293,0.9487718864399473,-0.31596187665790293,0.04153117737699158,-0.41210578942486253,-8.510068330630892,0.0,-2.2483294508491403,0.36995169178053644,0.5319248969247782,0.07297685525926757,0.13454037639744282,0.11492559971928006,0.7609304155711788,0.5990345639429883,1.0,0.6038141425843625,0.8346919601264495,0.7127929200110583,133.77952629806305,0.19417752545188122,0.019792802576178627,0.37552438257995985,3.358470013632529e-05
26.612194937723753,-0.6585808959766498,-0.20386105065724083,0.2585168486125278,-0.22805083540818272,0.009933175032539637,0.01771921333005112,0.21937379031641643,0.008603323466501566,0.0,127.33326785489454,170.0627373756214,62.63694102254916,45.25867721294621,8.85964865823942,48.57524043271942,15.304600197326126,-1506.2631277875207,4.467449932827052,0.9724621845353718,-0.021501372740813793,0.999768818762748,-0.021501372740813793,0.999768818762748,-0.007914958672486273,0.25741845198938235,-17.526283185991375,0.0018873436781646196,-25.958293768518672,0.010287788762453912,0.25156385555791333,0.235839269747247,0.5921171000361131,0.04691297041208349,1.2715704909549674,0.34946004077528475,0.0,0.35217622800646076,0.9983238222584353,0.8915054697346946,162.3841564458934,0.3513920735313167,0.23253286544680518,0.6355991733277774,0.1698501385830765
28.205786259019575,-0.7745057370544284,0.11217841509845881,1.9046678528086192,2.1640141359629697,0.031212825719486536,0.008268793226292566,0.35248706422297565,0.06167964209138933,0.0,105.84301223262426,172.02784183475995,78.79428770344279,4.502463999238015,233.48237844309602,438.2528792826463,43.17629328834889,-1140.8227146588154,0.76603796712559,0.3745494812554496,0.9995786855478958,-0.029025013321975237,0.9995786855478958,-0.029025013321975237,-0.036625202766197455,-0.12832648782760325,-21.845543275741623,0.021741275963117705,11.873301361502579,1.3685944053618453,0.1685181659768607,1.9778265278190441,0.3608451628892964,0.05736238100108692,0.80646409860647,0.2045606592420466,1.0,0.10446550857091946,0.9963450444538315,0.04853692758468264,75.26329664963875,0.09168774680722154,0.2242842354308835,0.5272808036402074,0.05699014662194862
18.298566930999684,-0.22031218609308434,-0.008110715654936117,0.901839463265986,1.9015805322386043,0.01667209859855417,0.014112629610928844,0.1854677532027945,0.010873577075554171,0.0,146.59784523096175,171.37075888154655,50.75197098032875,74.81190514926455,43.85037440983858,279.2795699855164,128.95248840087768,-4519.269858741349,0.15941808467221275,0.06507762717751586,0.9590788900341131,-0.28313898122818354,0.9590788900341131,-0.28313898122818354,-0.020049923940119226,-0.16028775595103928,-4.031397282939161,0.002016697909480445,-1.1890134382946633,0.24095030597246855,0.6212772582914176,0.9418603811617466,0.2409231412079581,0.22762296831845696,1.27334867310759,0.3749947878209372,1.0,0.39292710397661745,1.0,0.639940107766429,150.60246947512329,0.13293621479852288,0.19680809750562103,0.7329892261548088,0.05717989105327312
16.80316105871417,-0.12785183833220762,-0.04848003995022371,0.08086383660584685,-2.348394314199285,0.009064198888481862,0.001008210676871946,0.0,0.11551447188538105,1.0,217.11160434739352,268.80197235362664,38.07352772485748,20.845174360567455,106.17166819378595,23.842894832864754,32.641854146155005,-1404.6055516770032,0.9579943245543872,0.5375374348496279,-0.9753363880767837,-0.2207236509605022,-0.9753363880767837,-0.2207236509605022,-0.05985271777116183,-0.2359943363225351,-2.148315031148771,0.0,-10.525579252418801,0.9095046201373559,0.704143691053637,0.096642899315715,0.20713378709650676,0.19733701896258482,0.7229728049145717,0.4319646757863001,0.0,-0.3197842319524688,1.0,0.35096609735269885,256.1374259737211,0.003399702646837153,0.042696668428248485,1.0855580217369676,0.0018528694983617857
17.560659548664372,0.15441268143940828,-0.056032723282976774,0.10688228867698554,-2.3596574781520063,0.11973658503199827,0.0016922062015369917,1.0,0.019932502267791214,0.0,206.24195388921464,280.020872101994,71.80512016169604,60.081103615320494,150.78571822573952,253.6911739046563,60.54183546232509,-5541.6936493854755,2.0182169512180623,0.6383468117617903,-0.9666180104000972,0.2562218218071163,-0.9666180104000972,0.2562218218071163,0.09946797792908058,-0.040871887307256605,2.711588528753815,0.019932502267791214,-11.55629833161482,0.23083944552281335,1.53048282886638,0.09078865316748831,0.559089934123394,0.0062786335755427155,0.7927663038110684,0.3724580797874003,0.0,-0.3611500251536526,1.0,0.20608334915990606,225.052904821423,0.24149979515805958,0.5165969677593251,1.0312097694460731,0.0028310165200918897
23.10486492858421,-0.5542349191503657,0.03584595763667682,0.35539085516486896,-0.5231866788948989,0.02494995534522783,0.008191315921502062,0.1355839458988502,0.1014883303110522,1.0,117.09183804875335,155.68264375359615,51.80889123946769,25.495393681574157,68.67900928215036,157.99368539773562,27.065469332951942,-4343.58044256978,3.0273289267743055,0.13960278578624907,0.7232617254437388,0.6905740195722293,0.7232617254437388,0.6905740195722293,-0.004819090677924354,0.35269846211194855,-12.80552294567399,0.01376018828625834,4.1972690662962355,0.13550944194895656,0.2501223719330004,0.37197568410059867,0.41031057931639575,0.03069542239456835,1.1555298688899014,0.5317222344248318,0.0,0.5222205356775683,1.0,0.5869066304626098,124.9455551727436,0.09993023500683951,0.09772882788212964,0.5854591902437667,1.0
32.57389478838456,-0.6869886349645763,-0.08937563382944723,0.001492661025772716,2.3253779142761575,0.01285299426529448,0.00569178994011725,0.12420895996334332,0.020231577111549312,0.0,107.20124118790906,157.23347739432435,35.217494176004664,39.60608886369487,61.74381479286357,4.292709523674056,47.94054730762589,-2478.991302519884,1.5661830279561202,0.5528619735351967,-0.34336687399638804,-0.939201357453208,-0.34336687399638804,-0.939201357453208,0.0322257044341098,0.4187557701645435,-22.377895516152034,0.0025129431514437214,-9.581178878472818,0.42271866393976343,0.2833952560684219,0.00040723803138758554,0.1943147587927339,0.21100761662436898,0.768448355264917,0.5709019927196872,1.0,-0.11486882169544377,0.8610964307831998,0.5033541474783044,117.76111942395424,0.4044220023360935,0.16708331975495333,0.4615530308121872,1.4553487223107003e-05
30.18922931359668,-0.4556119975865666,-0.22551755584740435,0.26039603791640925,2.400710852410586,0.022611714268973317,0.0060782421689157306,0.3129348206624,0.005739209294850443,0.0,149.5117505564665,179.95150669804767,98.91920047418243,108.59885920664662,54.7959846066465,385.93515486888987,19.17058459952774,-2433.512973907753,0.4877188858399176,0.1977671216582646,0.8174009818249189,-0.5760691233798758,0.8174009818249189,-0.5760691233798758,-0.026843456643539966,-0.3321733751604167,-13.754575073166716,0.0017959984314280027,-33.71752455596112,0.0843708118286339,0.34081450827653337,0.22717912893775946,0.12507099524142593,0.0036678238080608706,1.143097065367801,0.42948627043503274,1.0,-0.20089119695965296,0.9030772701764476,0.647699737283654,131.52722413930854,0.14543816928159567,0.16296354418710698,0.6751033177591786,0.003971202843815363
29.571894141874193,-0.8455676525524773,0.04071298032082762,0.09235127301058497,-2.466993124346535,0.005254046374685029,0.022639666267238966,0.14277720546038233,0.05551475760065388,0.0,129.77830594920005,204.18677307415362,58.03157923087508,0.039095242931345975,231.04469937127263,30.495480509064773,270.96781506269593,-1260.2748151418557,1.6856615023465518,0.8447300578810684,-0.65316012232693,-0.7572198192083127,-0.65316012232693,-0.7572198192083127,-0.05259639109899116,-0.07088959919525648,-25.005037111074916,0.007926241952031881,5.283661616180127,0.7388177591238451,0.18305760743830157,0.09880338943994674,0.14396022691634724,0.023469981298792915,1.1947174773456217,0.3220784774473088,0.0,-0.49464131137611234,0.8460001778827665,0.04715493050356488,176.09629461823815,0.09187003939220124,0.2041526140877533,0.5489623495917367,0.0017111279009607923
32.09195865533984,-0.35182600455048296,0.05191029979568217,0.29746199406144885,0.46682362810844413,0.03660675514168704,0.013682516507868184,0.42912878766520374,0.01825458569846196,0.0,104.23585366555649,152.9858642606073,36.59360122818768,4.095624616081139,31.3530477470117,9.43838870669734,91.9349608776953,-1722.1539316903386,1.5316051456568158,0.8351614957838297,-0.3594718130884232,-0.9331559438780432,-0.3594718130884232,-0.9331559438780432,-0.01169402554589676,-0.20687155401873972,-11.290785591907504,0.007833568230111547,5.410914413237894,0.8791351328348576,0.4815206148818229,0.3107331963434292,0.2950400801509961,0.09597788448596267,1.1413400460298397,0.2677294014699843,1.0,0.7122180515205159,0.853657217102773,0.7345009823333086,119.07748208608972,0.0010029507890417847,0.30367239690889614,0.44490844381235417,2.8834299718444262e-05
28.266325660357985,-0.8231730819412172,-0.019963182467763293,0.341138339744041,-2.163456542320998,0.014588545280941794,0.00484519199110672,0.07212976640262353,0.0063865245684190846,0.0,130.47410655220574,181.173509194116,44.80496901208498,97.45417425352885,115.01912970619793,10.622508833649025,62.60605988550062,-1273.7928054875783,3.8385276333301306,0.4296290959984418,-0.09019000427034513,0.9959245770286599,-0.09019000427034513,0.9959245770286599,0.05505962666895993,0.19766754824230395,-23.268078408990995,0.0004606585252446846,-2.6046783964200735,0.12505765329522237,0.20759689069890094,0.32236858639802946,0.008174046657283428,0.08993411051563407,0.7198407602180456,0.4811674273244226,0.0,-0.6376957821731588,0.9457328110598987,0.37573147391598305,139.16316399223294,0.2918854473839314,0.029812950543663588,0.6169682178007314,0.022399961316888227
24.4137143057665,-0.6581129344050131,-0.11479028751900089,0.32599862054661966,1.1694849458449594,0.02341155062560177,0.022581431677999923,0.23657048949641651,0.016592474563661332,0.0,126.17302465039154,196.48753163297587,50.567541348636034,165.0357847919307,65.09759618511214,20.154395672671466,390.1517166816235,-5406.707636814674,1.5101506186375098,0.966743190512804,-0.4051645224207563,0.9142437912130223,-0.4051645224207563,0.9142437912130223,-0.026036589569914184,0.057318709458785345,-16.066981161493636,0.003925289829482201,-14.48343777676043,0.6929328193497174,0.17769765596580053,0.37118990497709553,0.05301131025133404,0.062353239035361246,1.334944059701099,0.3589137409241527,0.0,0.12514890861791758,0.9791957439366735,0.578104386154863,153.51452142680088,0.15634680308250012,0.1908012838726332,0.6177404436864019,0.48223579878696493
27.993099273305095,-0.4514866505176861,0.008893554088928534,0.014634279199160294,2.6165272648079787,0.10448456154718107,0.005915248912772384,1.0,0.02020548134207136,0.0,131.19319071567932,191.11536663536154,42.47808529416792,106.82139864859319,9.456504988373432,258.40980523643555,205.5707924186314,-2655.5504459722115,1.0172776633639868,0.9797738744497416,-0.8247650844733614,-0.5654755126737576,-0.8247650844733614,-0.5654755126737576,-0.04352659863647077,-0.127313865475967,-12.63851062851359,0.02020548134207136,1.1667737377290108,0.6110724365618412,0.4073826600942304,0.07907589881470975,0.8231566681473926,0.05742007537410448,1.2869657872629785,0.35336056258128584,0.0,0.4493618909211189,0.9570218654691328,0.888755657477583,194.46466089563972,0.15030407959558312,0.5118836435203693,0.6277737605778357,0.02321531935230511
29.11765364883461,-1.242740827731832,-0.14645323683135889,0.04010426583205519,-0.2841929169506874,0.013825962449145284,0.013746628578212827,0.11814064814197782,0.2619796285398465,1.0,115.87486218125564,152.74043119380454,65.73689655202563,117.44327581785573,98.89673807993614,139.9694881754344,12.142519332783078,-1215.1793003244468,0.29780165606619624,0.1292510889476195,-0.9020987014301837,-0.43152975897147144,-0.9020987014301837,-0.43152975897147144,0.007773212218457175,0.0145146161182038,-36.18569699716152,0.030950443115692058,-16.970248633832504,1.5986155417644985,0.14950397030432216,0.08859915051482582,0.45885467852165474,0.11739950144279365,1.1874142321148569,0.31170628470767897,0.0,0.8158006223179777,0.9187123015410633,0.39971407242604046,119.54962458136258,0.330654312654819,0.10319262430327267,0.5322783066264745,0.0033165122710712164
18.889096934187144,-0.6075003525216276,-0.10272305966876594,0.6137459628794207,-2.619568184364983,0.01285079628690881,0.013319720217717119,0.33222075256506944,0.04968422234021434,0.0,158.99375640586638,199.28458754455664,48.41148094396101,19.09699546981044,147.162826410939,138.7713040251857,168.0642149073964,-5335.531991787608,1.144167147398908,0.36771380483246763,-0.5839514998576998,0.8117885474764613,-0.5839514998576998,0.8117885474764613,0.02495113003588721,-0.09548372428154171,-11.475133046333886,0.016506129736476246,-16.33232512624105,0.054605752864407546,0.23395316112688444,0.599933543618721,0.42242620218425314,0.13159137859436765,0.8539653878279244,0.30030379422283726,0.0,-1.4122663665165982,1.0,0.25061036458349295,178.1150125505651,0.028832416423087818,0.15980244928917703,0.7949687820293319,0.1073530970910077
25.751662818622542,-0.291408802854479,-0.07506979365041612,0.045050905384086966,0.49796879917694126,0.015261782875043194,0.004441199673893264,0.0,0.007101173529741586,0.0,124.34429340228064,181.76826297013014,39.844349228382534,179.2062080789395,37.90583145566784,1.011087480848763,113.51167495981127,-1163.494731944191,0.46075548649080944,0.6003214700466446,0.9138076496466615,0.4061472386305789,0.9138076496466615,0.4061472386305789,0.08214240844265916,0.32284921887497936,-7.504261233486994,0.0,-9.334500447316007,0.09792450706199078,0.5129357176842851,0.08284198059350556,0.23296674517943175,0.16599188629539005,0.7562212385413376,0.42097619688401,1.0,0.6871885282603133,1.0,0.6575087359266185,137.92553501670324,0.2604199382744452,0.0,0.6217214670114032,0.4045228122143517
19.42489600503597,-0.8101058652707066,0.08439390708915562,0.19117427620674646,-0.5748067140542612,0.008462579906322218,0.01077253967763599,0.06115811747099609,0.016061730474612197,0.0,178.1254717737588,218.7636559478147,52.10652621298502,44.63329619348893,80.5964805069034,101.14871955636752,177.4821300693603,-1622.2933999662846,0.207797099535883,0.08483780958144438,-0.9882042449941422,-0.15314166701312007,-0.9882042449941422,-0.15314166701312007,0.017687523918624742,0.10939190300320767,-15.736222185953155,0.0009823051991538104,15.03270451508661,0.2337153439282263,0.12867157982690788,0.19507234607974847,0.09523686812428696,0.06926870542518292,1.3114308588720136,0.184237435124828,0.0,0.06718462570538591,1.0,0.4774542787376419,191.91634067564104,0.013842728737214276,0.09775290635540611,0.890627358868794,0.10018206479909446
28.797082537955106,-0.320141444762183,-0.03626109504369171,0.5465099457804656,1.9534344726852044,0.017097238632204855,0.02483469729881313,0.2921472770416642,0.03560179532778767,0.0,122.37609434339112,140.61744466158322,73.99949880595307,9.674319248057083,46.425136297449114,212.8650045663023,41.53083499594688,-5566.4321754653865,3.4740880588205387,0.38265550381413704,-0.9903973200352558,0.1382503109109819,-0.9903973200352558,0.1382503109109819,0.03219963392656175,0.1339646841832876,-9.219139608636779,0.010400967562807811,-4.437491188061489,0.11042133414618917,0.4611524207303983,0.48472264685216804,0.2703142764421214,0.017858030934538496,0.735961748193243,0.510687502210916,0.0,-0.017114535957725052,0.855697704675798,0.7217301350544426,163.41082112313757,0.008758130522236163,0.3335443042223277,0.5235847151841434,0.01800532996327358
23.690025715863367,-0.02362293604028476,-0.04478664117764606,0.006606984078319275,-1.0031453184676011,0.0014605347220083467,0.022359113670947593,0.0,0.014031278956194533,0.0,127.48686125710572,176.68824927751956,31.68896313489441,6.299391340181501,1.9210285645342309,78.5492052788104,63.312399568257305,-3366.586929799664,0.6875154031106928,0.26117208401659076,0.7232617254437388,0.6905740195722293,0.7232617254437388,0.6905740195722293,0.03596376184601608,-0.5333834956065795,-0.5596279622785415,0.0,-5.709708309986341,0.26161461826917776,1.0326302018381643,0.040243453003206565,0.010959480818700186,0.08957459171021113,0.9945039546463319,0.43601545548038995,0.0,0.5821103270116592,1.0,1.0,150.43288037861151,0.35174877818455436,0.13951513511341962,0.6374343062855286,0.7687651871601263
27.894077148949915,-0.5003530710576151,0.19546925154112463,0.06431359107818314,2.3555485817121324,0.038771013919525886,0.00913785234912294,0.3233353966686338,0.019338248409677832,0.0,132.60844774143538,160.40525782456325,34.40064711675223,14.578336120756047,38.407680376794474,38.11870744242159,171.50546650121174,-2904.0300951535437,2.4259305843637433,0.9520502209667041,-0.6772399381909491,0.7357622347736527,-0.6772399381909491,0.7357622347736527,-0.05765076909663152,-0.013357735765762166,-13.956887165795134,0.0062527402204197585,25.920874028048715,0.043821647687046605,0.26575905855124426,0.07162017312603056,0.20828145657638106,0.13510950359811852,1.3486199463696247,0.4908271254047589,0.0,0.5447229812879415,0.9350239070924445,0.7093969346818917,184.22075756041806,0.4029712249746715,0.07738023516141967,0.6199603446033058,0.05091545343167174
23.728492960409774,-0.4152757999406018,0.03524624971887139,0.32411997926291736,-1.4218822737698493,0.08941257074027009,0.00268007260407298,0.8412218576459369,0.009519260713543816,0.0,125.04935131940063,199.2935776228565,55.098834549438294,61.86249429228678,43.79999592464387,68.79568708299789,152.9756444638729,-6073.518154772325,2.256027989204008,0.4115858228314705,-0.9527692922168511,-0.30369503751065885,-0.9527692922168511,-0.30369503751065885,-0.048166603523477215,0.41664219181180684,-9.853868895519108,0.008007810180863316,4.407520663786475,0.7588244554347794,0.3372416823875096,0.45379737936638276,0.004155339387624923,0.3514257798405387,0.7460050485671518,0.3675950122247478,0.0,0.19223144274357012,0.9959556773152434,0.6789335580666543,152.61451748428868,0.02212271617414688,0.46607647758119974,0.6227180569557274,0.7111922288271983
30.09794443072128,-0.37279396915766033,0.033899451047482605,0.03978597263674062,-2.1518801581523377,0.013574472749351562,0.003149801083078518,0.11341575528811718,0.004340160926177317,0.0,109.35731691711128,162.00913148355858,63.221185933949414,142.7903425809167,500.0,190.7553158853067,83.08433633646585,-1452.8813354930717,0.6871869878070247,0.7626708585475125,0.8174009818249189,-0.5760691233798758,0.8174009818249189,-0.5760691233798758,-0.054194814480282516,0.26522581400733686,-11.220332167815284,0.0004922426295143746,3.707153011515655,0.6033920032219254,0.5043890382755178,0.11264951580066862,0.14111504916529324,0.06969415752056295,1.015938648293992,0.3804609337479531,1.0,-0.0731808490274909,0.880915068950605,0.0,106.7735556853757,0.04445228296244982,0.04454929376466529,0.48167254186145125,0.001772085878167235
31.993132873599574,-0.5430895817901429,-0.03697007452087749,0.24155465025391232,-1.2159196498828362,0.0002275068742377092,0.015463196130661593,0.0,0.10370396526794404,1.0,108.63646673903594,145.0588408878823,39.58919827935222,22.69831423765213,83.89586033042704,12.281756981429256,156.90848714000316,-1842.6931459141042,0.5950027945101473,0.38670536351217377,0.0966127018812031,-0.9953220513156602,0.0966127018812031,-0.9953220513156602,-0.06660728778458229,-0.36941791718406064,-17.375137152479663,0.0,-4.016298271026987,0.3208414548779275,0.3175861450662836,0.2771121581006385,1.2655831472835437,0.04320139959198008,0.7378212707915557,0.2473048199022828,1.0,0.5097574210069261,0.8357167597247317,0.45517157317984763,103.71718141335228,0.0642367033405082,0.09996998438769612,0.4539465798554535,5.7215427034408255e-05
23.72250059401036,-0.17233331761693615,-0.05963716676367778,0.536669645149833,-2.922210263420571,0.006843142603520203,0.007499223411079959,0.12796003206900597,0.01809254960306437,0.0,162.26217618696572,201.78268996702892,35.24685966257028,60.338583408124315,17.361606776589483,20.401711540725152,9.683633558265305,-2248.0844444357913,1.7619838411106332,0.13181207041883547,0.062318379354325076,-0.998056320853012,0.062318379354325076,-0.998056320853012,0.03977299374352018,-0.06268516653671882,-4.088177229535543,0.0023151232274181976,-9.676856460699339,1.4237512371184435,0.7784788625739362,0.549128170214242,0.11808042685677604,0.22452664895338803,1.2353312486146588,0.5001256996592739,1.0,1.7362453528829984,1.0,0.7897815979212066,164.57886233314414,0.2944898701171623,0.10076937012937137,0.8113108809348286,0.47919506333608736
25.955393757247723,-0.8430730132337415,-0.21864064400171507,0.265863887486497,-1.3744721268220434,0.00022444518430787854,0.0076200672636889625,0.0688731800943932,0.037233185728102296,0.0,81.35866499147235,103.01770117336355,126.63904870080967,29.206481005209522,46.769543316579025,28.015389776225803,111.2789800489104,-5549.834832222864,0.030740941711549154,0.8631515301608474,-0.4822058478963526,0.8760579434344281,-0.4822058478963526,0.8760579434344281,0.014502504583187768,-0.2403038931837443,-21.88229202459108,0.0025643679061395797,-17.788310908855305,2.605421256990462,0.12100288014143638,0.2740500002393979,0.3526131587328068,0.004748417167891643,1.1726627955593032,0.2359550526126296,0.0,-0.4557378006890714,1.0,0.5969499417246661,87.90884099537779,0.26951204489469077,0.06290254506130002,0.40679332495736176,0.18792917290092048
27.65783047901285,-0.8398603520614054,0.09687405319235583,0.5887098312948456,1.006048764627936,0.00333419659366048,0.0005565502909995266,0.08417949843839957,0.014791848286778486,0.0,133.33124668937143,166.83931838766387,38.61133026742715,1.331542694100362,10.34460712808377,15.385199036248029,0.8588671822567726,-1336.5268608178258,1.9404608815483475,0.00041691690310385887,-0.19232150523909483,0.9813319716704275,-0.19232150523909483,0.9813319716704275,0.003974803154572477,0.3422203120725741,-23.2287152433584,0.001245170369757913,12.916338283989285,0.26911108631961095,0.15090451970804583,0.5385253611131902,0.154206032148295,0.04647551708793862,1.297154713899859,0.2753787098708663,0.0,0.6178701003276683,0.9690630605986266,1.0,112.05718260938849,0.056047310838266626,0.03976071427609035,0.6460319299511638,0.05473184815536177
16.081940955359887,-0.4819399892164483,0.04483097057563792,0.10853009802873338,-2.247602333261264,0.04721973996864154,0.0029626291799006964,0.3851600322573072,0.1202025942299425,1.0,170.1393355599133,235.38418359802378,33.35379476978799,10.184007089847045,173.16834077077075,173.45040547439444,7.914805481110862,-4929.659703227762,0.41683454686375676,0.05594087397445002,-0.9350748843515574,0.3544502230989869,-0.9350748843515574,0.3544502230989869,-0.12963582577011343,0.0488556564551817,-7.7505304506057024,0.046297235071016664,7.627511546245059,1.389658322642698,0.2966214135845561,0.021580736668737846,0.011889111753973962,0.09419013663647498,1.2446234798985334,0.3778137202257864,0.0,0.4332230348012893,0.9946249922784637,0.16432313860357267,135.55114368109795,0.2222308150192395,0.20627194661466808,0.8461241765877086,0.0017890137748732139
31.322721924725077,-0.6714038897975284,-0.017916599321341334,0.381621898509471,-2.441865892842649,0.010066585156713272,0.011163957529432009,0.10931693064586223,0.032047141961069794,0.0,128.26955846214568,211.74635064453156,51.61658767159845,6.840118334669942,175.70206614739445,8.433900779146416,4.5350392540360085,-1071.4392106810926,0.3010282448267609,0.36438440589704324,-0.8247650844733614,-0.5654755126737576,-0.8247650844733614,-0.5654755126737576,0.10277384293093093,-0.1535591119462872,-21.030197339306742,0.003503295195156368,-2.298154284091632,0.29101497727493275,0.22027127078250247,0.3379939430553927,0.0017466127228775157,0.03473179224583474,0.8491851648174982,0.3614118348993064,0.0,0.3175363750892757,0.9045014607561861,0.13554950283272643,115.36080225593435,0.00553039807291253,0.17769850157460335,0.5801000149978088,8.711748888281651e-05
22.150222335837476,-0.11352041661280288,-0.013722670183625574,0.5659370486551579,-2.3097913366937686,0.013401190241981416,0.002880445309808286,0.04406787846290541,0.005228287596864638,0.0,141.30003165230676,202.19597935029114,49.75508814080652,46.60101549623249,128.04979976970606,79.18494709420007,273.51939973740957,-1733.226819130769,0.3660233188299426,0.6868982555187365,0.6216868902665479,0.7832658619336791,0.6216868902665479,0.7832658619336791,-0.044713600207677784,0.006831588708157802,-2.514502467630482,0.0002303995423877467,-1.9390137313004598,0.8449217290868718,0.6812754111094761,0.5635511977466364,0.04861284528743303,0.1984498658371328,0.9187944315766686,0.26236224348630366,0.0,1.567308844855196,1.0,0.33552800193408117,165.2871440794683,0.040259956865806766,0.035453156426239765,0.7065001582615338,0.5400732370620209
22.293440315739424,-0.5262755745351901,0.07361442622610552,0.0962498121261002,-2.6543211133229705,0.016262031013619175,0.0016494167760725583,0.12936064405904046,0.03441821486903491,0.0,148.36687405031367,196.98623597099822,32.9761134545753,1.1985748049163156,28.59608778231435,103.87683008823704,183.77135922286985,-1638.502268607652,2.765351387382529,0.34170429529077573,-0.5120551783114646,0.8589525565270845,-0.5120551783114646,0.8589525565270845,0.10259063779694788,-0.5214731058136968,-11.732493110531736,0.004452362442820799,10.921942304174705,0.8931102179046397,0.33191043378564533,0.0,0.07571744763265675,0.09563736839215287,0.8356012661208556,0.34797807727091984,0.0,-0.2545097406382689,0.990488854083845,0.7039081574086219,162.1876261564933,0.10870666203998201,0.12720421256894304,0.7347786753104868,0.9959183094895104
28.0727400125809,-1.0310094233318852,-0.15547100730798533,0.5641465017242578,2.3539037152407314,0.004729037036778872,0.003970527146913089,0.2626371630848765,0.04273192668188561,0.0,160.83051949764385,204.35112886283508,49.36983403449479,24.32715156872853,4.423078736052959,111.49679599544874,104.32773793287137,-2550.31539197703,3.3153305263778226,0.06631281762097496,0.746588114532413,0.6652865452111116,0.746588114532413,0.6652865452111116,-0.07246207403256581,-0.21699226069131533,-28.943259491716972,0.011222991996881376,-25.004482872165262,0.21914715760709272,0.10928247142325961,0.5369304121106204,0.15043147448866698,0.3775290082193355,1.239709780812366,0.37487160836458855,0.0,-0.2921712337031638,0.9554504958236986,0.9343621728686352,148.1689814472325,0.09637745482254122,0.19816651056928655,0.7683279979880342,0.047659562619301016
25.051527247739447,-0.8531489996183541,-0.058988133155380554,0.03020681929628192,2.7904575683841504,0.03810422859201472,0.011702121438743107,0.3906118236797728,0.004259160785683012,0.0,135.20269288428022,170.8552556806348,30.950860659524658,159.63388825090493,35.06203254139204,25.68273309461885,77.10060250983041,-2402.4399817213957,0.6879569938737642,0.3178400337341488,0.8670985522812081,0.4981366284784055,0.8670985522812081,0.4981366284784055,-0.04062005792782685,0.0072887451652619145,-21.372685410320848,0.0016636785618410154,-7.975354450823945,0.5450680620807228,0.1373555172521962,0.01782616764006062,0.0843095347641838,0.05976384397866966,0.9220390235477196,0.2841938466048566,1.0,-0.027022606181325726,0.9769115676979389,0.766703697742315,149.673045678131,0.08198302561626751,0.2871687964127846,0.6604053733128258,0.5111768602576945
29.14013635340487,-0.6289775037392566,-0.11363028628925305,0.2563526533664686,-2.849040309162124,0.019816380135875885,0.011970648060907632,0.07941114376004152,0.07775638553888581,0.0,132.67339817090638,213.5698866610025,49.827527910915784,7.007815852421813,182.7531054586621,166.2434507391902,15.288993462008449,-8000.0,1.5832559988756882,0.2449808589901623,0.4324994021339788,0.901634220265486,0.4324994021339788,0.901634220265486,-0.11014246912548149,0.1691350736906645,-18.32849022218616,0.006174723510289674,-15.075716217128154,0.24440839035039172,0.2154572371634467,0.2455813256921957,0.22652870582036755,0.022440313084608324,0.9984813379940423,0.33318019901777934,0.0,0.17514819275218974,0.9298104861320742,0.16294848770139742,133.7474582674546,0.022299567894021176,0.01022787117807504,0.6168055842504235,0.0081404396461927
18.601763880309168,0.18599701157261211,0.17715092824867462,0.05060554725599915,1.6340791966063914,0.02077664228325468,0.007953124276023552,0.2257999568989382,0.032623716211787945,0.0,165.6952148444409,212.86398431647527,36.67138926427428,11.384858714564745,158.85097940417407,418.00079237610504,12.967611455455438,-2213.9814215054553,8.232725858369099,0.005419799818197957,-0.3251276029999093,0.9456701548465688,-0.3251276029999093,0.9456701548465688,0.018106248797134874,-0.38826282411946816,3.459872491716862,0.00736643371450491,29.353061116056274,0.7310814767739022,1.4898687236014792,0.017519367346591916,0.4513643902735083,0.2070134032601399,1.2666699243663992,0.4941401568201645,0.0,0.17361357968916885,1.0,0.12614987718226264,187.77609706050492,0.24667243798775315,0.2084972326376672,0.8284760742222045,0.022837195967936718
29.789713477599694,-0.2488642111795869,0.08756555318533008,0.3658476383766936,1.4900683705454716,0.01493133345381695,0.006385666556344576,0.014133741931838528,0.007863569305031634,0.0,128.26111995978388,209.99556741072143,38.78032261432641,14.213109132224616,12.896198482392023,233.1651268306383,119.97725892580135,-3495.1191865117244,0.264979385497861,0.5348019131804018,0.02795029824021032,-0.999609314096404,0.02795029824021032,-0.999609314096404,-0.05506284104056162,-0.07623106154048587,-7.413593545868756,0.00011114165922044396,11.231255921448456,0.26408450177852283,0.6001995589254193,0.3487719476576236,0.009014111255552579,0.06535444598441305,0.6542802064463433,0.400074325068362,1.0,0.48252574590136665,0.9343525315109024,0.9062068612469182,145.60689238163317,0.03553875787338942,0.016100139040862743,0.599205510644238,0.003140414256853287
28.93093402173705,-0.8000377492994423,-0.22026926411353642,0.23290338431177718,3.1221739957088683,0.024482899057150728,0.020561390992254954,0.1249279513200061,0.1258491428648034,1.0,118.80385417261753,189.70664681676845,37.75621978624092,50.47801135535135,82.69169611516293,500.0,172.3570945861134,-1087.1505835092833,1.166882455052027,0.11664591474418606,0.9972495210773451,0.07411742515094437,0.9972495210773451,0.07411742515094437,-0.053650007704917714,0.20193714770376436,-23.14583933988117,0.01572207559347865,-26.168837532454358,0.08090711319878849,0.09992104451361346,0.3190980757179703,0.04445376636748193,0.15535300955217968,1.2035906658066562,0.22694278736632323,1.0,1.3613838896023585,0.8904244716914786,0.41757242359235874,136.8878670741818,0.23788459470474835,0.20105729467501643,0.5289292954328222,0.020152384672172223
26.088159676864784,-0.38121772297841294,-0.15137616266399756,0.33598138966993923,-0.9558568230651376,0.010735992813050502,0.018627579795622164,0.0032476145356259145,0.06544185388792506,0.0,145.29609557097774,169.18414910078363,45.188824356860316,56.40729538361601,46.39842783309269,487.2902462577605,165.37958325442648,-4613.44802038823,0.31909098462770846,0.2874962887966661,0.49346814167723735,0.8697638720650646,0.49346814167723735,0.8697638720650646,-0.06862571085871987,-0.29029066487465444,-9.945268828711642,0.0002125299159247327,-21.994365397596063,0.8988758843114553,0.4412969516811313,0.36908865374446936,0.860853869181461,0.07136671910803015,0.8863340493549109,0.3891827291865476,0.0,-0.12704680622446599,1.0,0.7057660140838456,161.89199729286213,0.2039600223360827,0.04613506458390309,0.7264804778548887,0.40379392539487463
20.613462277238536,-0.3304276385181387,-0.01323456733574863,0.5066086268383624,-1.3476867519329114,0.02998936229370156,0.005368898170474374,0.25546267771744724,0.04617076426484995,0.0,167.50266056662173,207.51337463023236,59.70408169804852,10.996538004106588,84.50097385785998,16.508109918238553,350.24317914067126,-2369.7467912010216,4.058897381140567,0.6411898302224145,0.5175855102531889,-0.8556314858488706,0.5175855102531889,-0.8556314858488706,0.038867753136893154,0.04583656695683462,-6.8112576619506635,0.011794907071359592,-2.216825240186002,0.7345824099725057,0.5709973710387389,0.4785935879934549,0.3875040821497673,0.013567581796008924,0.7918215951283685,0.4998431712228688,1.0,0.6675706697736274,0.9546844253524748,0.39924382757130594,171.68154052889508,0.07493465188096578,0.0953221275459327,0.7995609062402795,0.23394528882476986
18.287034221157704,-0.13560557623913638,-0.04724402120724247,0.20658190833224446,-0.2947937291717202,0.01652883273410793,0.021608209402239825,0.2589852268999995,0.002005966842870881,0.0,152.0010278851351,191.96535102252778,47.50511865220095,23.78743859817697,87.62924829995279,81.2807479985042,63.84663908163895,-2167.4613377989817,0.09773345647761122,0.7251156888229772,-0.9882042449941422,-0.15314166701312007,-0.9882042449941422,-0.15314166701312007,0.035573182578377355,0.013194900621200692,-2.479823813264897,0.0005195157779547907,-7.181139784927977,0.8632913577772952,0.8060794758625666,0.2031645189141463,0.0546405200373317,0.012943266189987597,0.9756173183895714,0.32454156883742047,0.0,-0.5084293627425381,0.9713716674189381,0.46888487932782796,183.25336338141068,0.10715105887433142,0.33635309730275886,0.7382474595308809,0.020967161283948748
15.199126376875448,-0.21940235702832456,-0.13243822080768883,0.07860500632988808,2.2404279139687517,0.0009662679287784096,0.02389914475602457,0.06750249908946801,0.1517200348929849,1.0,172.44878239449775,221.25108693291168,35.87945643816807,22.48220433593526,7.795070809240899,341.43350970083304,16.52734231023383,-1365.7328832220228,0.08920769723050342,0.26345562685602253,-0.021501372740813793,0.999768818762748,-0.021501372740813793,0.999768818762748,0.09060169455393928,0.3428760640713205,-3.334724151857852,0.010241481517217769,-22.838809920779575,0.6544976760010107,0.5281329563270192,0.07718933954727474,0.02322086084344673,0.04015473321022394,0.9634049401136101,0.3796414574971695,0.0,-0.20923644394611768,0.9735537470427128,1.0,161.36608102781415,0.09180966883449178,0.10539781998295115,0.8394407913655835,0.0004901122194647659
24.91045510688847,0.013712060893757982,0.19447622376504894,0.5804379517138359,1.4362962161087882,0.0018685827098287614,0.010797471535844469,0.07098535992302045,0.024075942322711496,0.0,160.67081866945952,209.7661048727532,33.21914739226032,8.94357823899723,39.50362636235193,9.31462079368244,13.051968122533983,-8000.0,0.7405499761431079,0.329193671065234,-0.3271603271220951,-0.9449688462364056,-0.3271603271220951,-0.9449688462364056,-0.034285331053648664,-0.046027238622327535,0.3415736773168792,0.0017090394312635564,31.246654084075413,0.8685383343027648,1.005240004435554,0.5420401800268284,0.5780551994153413,0.012990347778612715,0.8674784418166914,0.3138936767405559,1.0,-1.8369725671018249,0.9463974113813161,0.6311084484219295,174.37594689437788,0.7138933944336576,0.14678536959331995,0.7602922343664665,0.14541709750748286
23.403658799235124,-1.1640094686294464,0.03125399139825792,0.8280068513118645,-0.17829283515318117,0.009484806232411791,0.005271419561477622,0.0,0.020192518624517628,0.0,155.24656028188127,250.19014671285342,61.2077759687781,9.981515496858513,18.217686505309857,40.81064446215423,19.47693748572055,-3467.487634891126,0.15830989725813524,0.24690923812746524,-0.6267266965083301,-0.7792391467859886,-0.6267266965083301,-0.7792391467859886,0.010940968552340018,-0.034320119675014055,-27.242080442882546,0.0,4.852074659659047,0.12144852822134589,0.0896198651656143,0.7895503404246718,0.7140562838209493,0.007592501262037524,0.9841255429067844,0.36953677475461755,0.0,0.1663662904192759,1.0,0.8237932674697661,151.84348691360017,0.08462289844497815,0.03227811387921416,0.7762328014094063,0.34939628733985506
22.304381059170325,-0.27262364026048913,0.04748163228630915,0.5892108064094571,-1.604958989973931,0.0006622260307794581,0.007634870088066399,0.0,0.0026725969170381665,0.0,157.40828747778303,191.24986936066165,40.743108456785286,114.8430347021594,59.56590665016377,38.36743777904883,331.8896675167767,-1781.810021139957,0.5488665544669622,0.9568886003161919,-0.8517119107469189,0.5240103253675756,-0.8517119107469189,0.5240103253675756,-0.06446675987009758,0.1709919506329377,-6.080701558108118,0.0,7.474002424837735,0.7623569044377734,0.5302831879051766,0.6397370074257928,0.22324211946722258,0.29944138551997446,1.2910160596575917,0.39987063327713873,0.0,-0.10935568445284477,0.9515473761905101,0.5706304329287636,210.23420691231456,0.34941241150410896,0.017168347522323418,0.7489072147006299,0.538248396761236
18.471694842655104,-0.3960116873190758,-0.06920149492322139,0.043769622938258895,1.4263819700359122,0.0016088763291665317,0.003050001135924145,0.043288873979984155,0.015375822145138544,0.0,207.56140309945818,260.99595213442404,48.374777152520416,5.447981385325237,12.589787732693306,11.308496708528798,11.338646544653402,-1080.3165306774742,2.3890215784790043,0.19051972698740283,-0.5699010576127624,0.8217133225960589,-0.5699010576127624,0.8217133225960589,-0.0167519511367659,-0.26526973360986894,-7.315007042282919,0.0006656020271795521,-14.363559382843864,0.1313861061743279,0.3318097124690401,0.022780404062418092,0.23316532964883188,0.025589081237169704,1.1671529362861608,0.3055782835415523,0.0,0.5660775511311964,0.9650541831296664,0.8388375966178312,192.57767890562346,0.23417631059745286,0.034652998453102477,1.001540001586975,0.06529078126171386
25.085016187580464,-0.6165759298732864,0.07222741471780024,0.4715114529418083,2.227558008283123,0.009256192331073537,0.01801741074121708,0.02972992477189408,0.09100306884214458,0.0,126.46217668962944,185.7097928266465,39.63142327772017,23.42499122750442,29.08432083832362,200.07599140523203,79.46334710906163,-5430.67295632363,0.6135064230471431,0.18318060363367628,0.9798567700958665,-0.1997015525660636,0.9798567700958665,-0.1997015525660636,-0.02594226566405888,-0.04417664131017173,-15.466817181743865,0.002705514390688457,9.134036081877596,0.5007024001808393,0.2610478557064251,0.41677663359026473,0.026667743934279127,0.08137348964510588,1.1118293537732706,0.3667401705333248,1.0,0.2479413814138247,1.0,0.7611476387339928,133.70583855406866,0.16532615598766556,0.03989729126546686,0.6323108834481472,0.8022975350739926
25.006867220737384,-0.07926941068764148,-0.038043276098201184,0.3082809621588773,-0.6286249549581471,0.006918019396567189,0.006365723515262414,0.04134354993556205,0.08964522465946466,0.0,117.27643053927356,167.25285047223562,35.53221802511556,5.7368742852717265,36.26580028459267,194.60133717054148,295.71114285735507,-3399.38290562989,0.04536315181017217,0.445035295831532,-0.03869579017652689,0.9992510374388481,-0.03869579017652689,0.9992510374388481,0.023222497874771042,-0.09114500216810212,-1.9822796277319514,0.0037062518221932556,-4.461579626817097,0.521450539121277,0.8326633335930276,0.3061239449554052,0.20262063093702548,0.00318252834365663,0.7292461227856868,0.3177495669073085,0.0,-0.26178489537069705,0.9713335204925698,0.6845783483877107,144.38238747827097,0.006376383868823902,0.05181267356363157,0.5695726407325746,0.48856410167695186
24.610717816095473,-0.6300143217094163,-0.028334317370749942,0.1661880084448647,1.0592535961867284,0.020536595502324142,0.014789070052297662,0.24950182427623638,0.004481769974851465,0.0,128.90896252633277,180.56167119305314,33.689757978233196,36.30516689587007,43.24745013419543,237.8788236685011,63.733540060606664,-2331.293568285173,5.051434139226032,0.18930635920056915,-0.12652781683868314,-0.9919630595773397,-0.12652781683868314,-0.9919630595773397,0.05085109032090956,-0.027782362541020046,-15.505104691689237,0.0011182097847119027,-3.652547456155224,0.21409281146601675,0.33013142153692154,0.17208849610132088,0.2417421689789743,0.052531398413256616,1.064686162396369,0.2521482985975469,1.0,-1.509027476102569,0.9905928657430951,0.6366480204587145,154.38185982176748,0.0789306197767696,0.14455924670480852,0.6384814930446462,0.49299544506261245
21.569594832799275,-0.676337050167945,0.06110019598252599,0.03774244990061462,-0.6269863623763463,0.005861142194233088,0.014689636201653542,0.023734153822200676,0.024790776005585505,0.0,189.76001422126882,224.08788080667,35.00797683832691,58.24580748822732,129.08984549820016,96.8594685542081,12.816473961108118,-1773.2186790293376,0.21188055867417188,0.15670845628560814,-0.42083100859565564,0.9071390534005044,-0.42083100859565564,0.9071390534005044,0.049553334541575,0.1696812897925676,-14.58831614253321,0.0005883880910882881,11.594374058566443,0.5346233553355154,0.19803779552386394,0.0,0.8305588436809139,0.02574460495747713,1.211555032204562,0.20253608948963017,0.0,-0.534138829243774,0.9493985499541732,0.2774704953876526,183.39775873158936,0.36839772322683817,0.06554306820366876,0.9007894117047796,0.7601985702922641
28.368190450972925,-0.7647063824899218,-0.16289975650602997,0.35754499928781924,-0.13512971347737146,0.006208637283368213,0.0006040560390822977,0.08469233174388466,0.06105173091467045,0.0,117.25517336032712,168.85246627936735,31.2283469151986,29.87560203666491,0.7545678354985288,91.60609237822088,118.79432696938616,-4232.423524898246,1.1179075893859667,0.09587953770108548,0.6740694616546161,0.7386679638813748,0.6740694616546161,0.7386679638813748,-0.04214061361088054,0.11083229701643463,-21.69333629754865,0.005170613448163649,-19.10083918946962,0.758338659343318,0.2303071914825785,0.3555076813969596,0.05665634061276627,0.055155388685154544,1.2328723171791927,0.2286161188707717,0.0,1.5759485751255922,0.9742837513616758,0.9960459545846909,120.98290434892526,0.20713658124840184,0.09163142426583262,0.5711990508403156,0.02857346276600968
26.432353244918975,-0.14021053590887084,0.15970278598509827,0.3242392379682543,0.1565165333289742,0.009144069977660277,0.019932279000323523,0.2507135453785596,0.03273182581259453,0.0,144.94133365315022,202.6123185957658,74.28189149853601,16.213738333112516,179.4501061518251,418.4964890916419,16.573131563452957,-4745.159551614661,1.1240327883000103,0.6401712481082494,0.580454927809098,0.8142923779467267,0.580454927809098,0.8142923779467267,0.049923395231149977,-0.14973646170573526,-3.7060944138026706,0.008206312096189028,23.14753478880377,0.38811943109986163,0.6607304352497227,0.36763823468566736,0.12831140778398314,0.20244440252607349,0.8405376411036365,0.5647021780136501,0.0,1.747831999684087,1.0,0.17440439886077672,176.4604554515451,0.317924760763098,0.23772770151878028,0.7247066682657511,0.21050660520349135
26.376399273177178,-0.7445614880311728,0.01823892147238758,0.08121466133832365,1.7324363834749077,0.0007562314404310031,0.0019425441885637003,0.0,0.012504079716195358,0.0,101.39511929788223,156.30912806194917,33.47244435734184,53.34936383333954,58.355669409313066,12.21091490522075,212.83180896079878,-2303.6395015849807,0.6604542987897655,0.612082254901896,-0.6644834655228552,0.7473029667054296,-0.6644834655228552,0.7473029667054296,-0.0022042568553898535,0.02733984066544249,-19.638851091741145,0.0,1.8493376185574444,0.06962052448360477,0.12866835234495635,0.1037761306144153,0.19399623575017377,0.0401914556233135,0.7676721923476584,0.2650039436670644,0.0,-0.2658903629324816,1.0,0.5279691992622134,150.95629086550596,0.07224980328671703,0.0,0.5069755964894112,0.088325613059583
20.515504486118395,-0.7640574141540866,0.12809442087804243,0.14574039457236115,3.000258583569228,0.020416514551281746,0.003216492443224702,0.3220989264847381,0.04746311365897499,0.0,176.1916399708644,234.74465352954576,44.71074827868147,14.583262301747638,76.28543854359106,127.21906758987815,6.078907660031185,-3048.866826114611,0.014888609875428716,0.6501628918779663,-0.886721063082993,-0.46230483047981086,-0.886721063082993,-0.46230483047981086,-0.016229844794850748,0.29808832282010483,-15.675023307730184,0.015287817957178953,22.569166085620427,0.1586827765791117,0.20824719372317246,0.2572301503321097,0.05518933661678719,0.11508074660095852,0.8422603013548932,0.38201390014203485,0.0,-0.3860404102588466,1.0,0.4385748439028051,180.93101860631526,0.002832128849182594,0.21970633180418603,0.880958199854322,0.15080681815988325
26.234476683709726,-0.8324039200806644,-0.10754197566188184,0.052850375951778175,-0.3495577094934772,0.026411211941943128,0.008132521482956798,0.3200491261501671,0.032424248452723854,0.0,144.28078981584147,215.46990832538495,38.215067060308584,89.86078378161635,10.801727846213945,114.89140258963184,72.68838051229109,-8000.0,0.869730300407259,0.7733000080093962,0.8916401947968874,0.45274469960737107,0.8916401947968874,0.45274469960737107,-0.03542557434094592,-0.16627313975946106,-21.837681232784764,0.010377352383370177,-15.516241186852312,0.7889852553982009,0.20128091898323333,0.11540585006738713,0.4622623532015314,0.03188263839877645,1.0638931375463057,0.24150926999230815,1.0,0.2063047549987403,0.9789899218767792,0.8916827074987436,159.53043969047818,0.2847999576393982,0.20033218239441045,0.7062471957506532,0.3506539478069211
17.082339016657446,0.07733329652269133,-0.09231651240281931,0.7976567638534463,-0.9907640359077474,0.07053018210304782,0.008548092347731252,0.5585776216818016,0.03518451785312781,0.0,168.88481712681184,232.93931525552696,60.40719371676835,15.531840368814423,72.81444495377427,465.65580111584416,135.6615563687616,-8000.0,0.44620831219230417,0.3263580127925758,-0.6115298757991053,0.7912213413483807,-0.6115298757991053,0.7912213413483807,-0.027996789718077605,0.029033356079402522,1.3210335884763098,0.01965328430242102,-15.590857314935196,0.32648520661537883,1.1470351383967718,0.870103465090989,0.10412602715429238,0.12341191684090354,0.8479538325434911,0.5375533690547256,0.0,-0.037275412791356544,0.9737811666531008,0.48056614461370933,241.5091409740366,0.1054130830204763,0.2949200091590901,0.8222842712587121,0.005487426404622127
25.06291100839348,-0.5121332069187793,-0.11619002215998123,0.19677132506128228,-0.7942511308280302,0.03016455197875105,0.0047925687942812776,0.19143181686115812,0.008587170183875845,0.0,161.329175947613,212.39859515007456,55.65373935214026,12.837612836664311,40.33398932077364,425.09314009716053,16.870575161924734,-6101.546523193343,1.6498197424149565,0.9184237336119215,0.6081214998935418,0.7938439653781019,0.6081214998935418,0.7938439653781019,0.08711569230981167,-0.03863213538772572,-12.83554898944853,0.0016438575899953183,-18.744840528404666,0.2521601100090427,0.30871921614317327,0.3367756218569986,0.10266632825822972,0.0153244284664883,1.2942049444932897,0.2705718188690516,0.0,-0.027489398578624716,0.9579933144988294,0.6461425161828251,200.31779350279595,0.04556662647993542,0.15701256759743198,0.772761359957093,0.9449352943126079
20.450027252786043,-0.2125734768214874,0.02502976726648389,0.28140040744459566,-2.3003428200997034,0.007500802642677222,0.004748320962827047,0.0,0.02566185381875378,0.0,214.0516732229615,246.47529794471234,30.078230368440053,133.6607076398671,11.648598663638571,53.937641228063164,4.22023934901903,-2649.777974778868,0.07521182862069178,0.733204611068756,-0.9164086366943458,-0.4002439388573056,-0.9164086366943458,-0.4002439388573056,0.015370538324701179,-0.012601003167355391,-4.3471333942189,0.0,5.357663563772188,1.238383426852482,0.5438731214011341,0.3193082205333255,0.4702898741947226,0.11978149579896889,0.9456306188141596,0.4220367712529525,0.0,-1.4163101262030156,1.0,0.9062395514837449,223.31489916911343,0.09155551627523928,0.015381262965285115,1.0702583661148075,0.10784778570162253
30.025470913377774,-0.49725720504519744,0.006598330191824609,0.2535021683751877,-1.2758715390010262,0.02954292363147787,0.01381678615945824,0.20994574462150034,0.06819161499723746,0.0,93.23411702412807,134.23403790346129,36.05228662926086,140.07836201344293,77.63337157414975,500.0,68.31788826655992,-1299.1347257350953,1.9717708345169882,0.8047085885811869,0.9608854255574977,0.27694620226893646,0.9608854255574977,0.27694620226893646,0.008730592375060247,-0.32613152444988014,-14.930381746552102,0.014316539387537687,0.615189489268413,0.2814408072549681,0.3091702368877514,0.2616556787718227,0.029647668726233416,0.1331098972513118,1.1244424090860499,0.3806965502301152,1.0,0.06896341557795764,0.937730795318774,0.36935165524762614,104.09100257259453,0.06127879594333144,0.11577373611275572,0.4371425135393963,0.0028138123931410295
15.216012604402056,-0.4430591770569034,-0.04644118192311805,0.46599648750606365,-2.5984275366955485,0.10071542247886946,0.00743320430361698,0.9981252501780132,0.032636192235223016,0.0,162.77677484972767,209.48230757096644,56.309058745014774,15.378913906520763,12.01705935699987,102.05448333769957,48.77960002491887,-5372.087288971123,1.579074714595805,0.7209621638267112,0.4324994021339788,0.901634220265486,0.4324994021339788,0.901634220265486,-0.013112342926847338,0.2821525708624409,-6.741594022593844,0.032575007539639704,-7.55954581365463,1.817420046489118,0.40237565312881507,0.5146835021776303,0.23423019480363377,0.004669874559652117,0.9338619747970692,0.6163216570841237,0.0,-0.3835294785265755,0.9653347886399788,0.8502458337530248,142.60607916535835,0.03546671135811591,0.6286191321795718,0.7856704177252964,0.0007687004870639708
22.097454461174344,-0.008393230558025766,-0.10140691928852795,0.3157818689446108,-0.45305370615551244,0.00486702581949687,0.012103951319369912,0.11013466300315093,0.04624865361125592,0.0,125.6952688613311,179.4804563314528,43.72375906620823,130.6907349548844,12.649750889370623,195.34140566274297,29.18994137408482,-1087.5235169422358,1.6108919558258603,0.3584556454325618,-0.9350748843515574,0.3544502230989869,-0.9350748843515574,0.3544502230989869,0.12229893057190143,-0.15487038017763666,-0.1854690300381113,0.00509357987982513,-12.746369984370823,0.6126765337484767,0.9591114998228382,0.2878200472748611,0.10659224751155368,0.0033610204468775664,0.8215115036777554,0.5117835442143126,0.0,0.11225610528024335,1.0,0.8671799533345768,144.03053672870652,0.08709705525465407,0.11472271595387563,0.6284763443066556,0.30350432164845736
26.898544169554924,-0.7005786097395404,-0.12665962697308425,0.08937392713995516,-2.0900559180049134,0.0632548769704681,0.02091664217868681,0.7580646113751532,0.021842834973998655,0.0,155.50582530669737,198.33083388420644,102.01672139909803,138.0847601960345,293.3104198295958,400.43069284627387,110.61096155935755,-1945.1082213923066,1.6170957722296615,0.2830324880626349,-0.8136678304455991,0.5813300798152042,-0.8136678304455991,0.5813300798152042,0.06525052444232124,0.20521439403070657,-18.84454467832441,0.016558280205895896,-19.696309825487894,1.0770935890020608,0.18680884477116733,0.09475824311470363,0.15227314451817867,0.10018620701086992,0.9243215017046542,0.2856228071061416,0.0,-0.6963944611231303,0.9470233619596509,0.010425780801036184,184.90548070569815,0.029399000656930976,0.4795462563568998,0.7363382474312935,0.14530008724069332
26.433117368702007,-0.488117200039254,-0.004848390047065599,0.18752383819773014,-0.9650548769754974,0.008664731844684302,0.006073825088663517,0.11746482731935125,0.07801217991768009,0.0,142.58117091342632,178.54517292566106,93.47802120605942,17.39528166869339,57.868852983160686,142.0295804266174,125.30602778060842,-1101.3667423119691,4.029733525133532,0.42251706957901414,0.6216868902665479,0.7832658619336791,0.6216868902665479,0.7832658619336791,-0.03605310573993963,-0.12427532160950223,-12.902459238319798,0.009163687242836453,-0.6912891299556152,0.2989232305892631,0.2685098102530753,0.15513745604381446,0.19790316764574745,0.04033458043063092,0.7363545359112862,0.4452873163591633,0.0,0.19805329954098871,0.9149271173406723,0.6420930390212074,142.4208169434969,0.448958991568001,0.0688462805164637,0.6522568984543943,0.39910741379215114
25.009193369774053,-0.31211091694841503,-0.04655867795886001,0.11135565964279942,1.8446034014921917,0.0011887978717618779,0.006508872474711146,0.0,0.005719566664855562,0.0,121.14639961587451,153.32341927906947,52.26627127268663,103.60404212502179,131.26785904941815,161.97908477876874,268.8842661590786,-3766.2642633827872,0.1677113796077781,0.09703036053335845,0.5521013427459208,0.8337770129585915,0.5521013427459208,0.8337770129585915,-0.013680752735231212,-0.12510093037915204,-7.805642274780401,0.0,-5.6404162055908635,0.9180669742345103,0.45498607263494867,0.1312548875209435,0.3935779953493462,0.19939940256190525,1.2137120579785332,0.6170008095062585,0.0,0.23335663243804766,1.0,0.27004137837790204,115.25838482045835,0.02459938365561767,0.09154264934643519,0.6057319980793726,0.5897373162525497
28.134873135037992,-0.796673603909435,-0.06856069923582624,0.17501298167753704,-1.5963836527789386,0.0013734623994921284,0.004824210632117666,0.0,0.058617506277506184,0.0,133.7363688506346,158.96870246480162,33.168100578156995,327.08339717245065,5.507246039889058,464.2091453437835,414.6891037411327,-2102.15462578201,0.1162079995150189,0.4512805015659471,-0.666088855860977,-0.7458723993404063,-0.666088855860977,-0.7458723993404063,-0.010712227168545519,0.24262465009309336,-22.41431077602546,0.0,-9.169058961659879,0.1708923541292574,0.24761344467502067,0.14241752727654602,0.2840262354161624,0.48566666001475395,0.7213731264451116,0.16753535036515524,0.0,-0.4627834212619404,0.9165279040872804,0.9552550516581189,170.3152366417697,0.13434594827467178,0.0,0.6128655692145779,0.01684719063663272
21.078188259547986,-0.547906483526829,0.15470894861316098,0.32828822545559605,0.7030546407689111,0.004160184858848617,0.0034812560945204664,0.04866080613021997,0.009583009137225684,0.0,148.2458854168711,194.72162486025255,48.57129995973994,0.9509976624407989,40.834148844322186,112.244739596354,63.01881062791789,-2986.4220041346357,0.11177575607202053,0.04314098309523984,0.18809941761179758,0.9821499931752291,0.18809941761179758,0.9821499931752291,0.007293598914129973,0.19877692069558486,-11.54887600840543,0.00046631694977066553,22.93496506907126,0.19755830553380058,0.28684641899148916,0.29394180046251017,0.31282959779889724,0.07751623077361178,1.2903716967432814,0.28356582321410295,0.0,-0.29883106130993337,0.9523731666852158,0.6405902995906534,115.16021809096213,0.2835180652636749,0.0,0.7059270167125958,0.4911923744464007
18.50806939190102,-0.22716416905445447,-0.008232567819273392,0.1972720416173108,2.520697198936338,0.022176445701698366,0.01857935274471902,0.2243414763864828,0.014109447721149077,0.0,203.2648170159351,231.21983538488053,52.14805233094414,85.78149478456048,9.64006389723927,243.81263438732844,5.95916189707267,-2481.9911186454415,1.0712890405460223,0.003945960027194495,-0.9998699583618592,-0.016126573270657762,-0.9998699583618592,-0.016126573270657762,-0.035061299631571764,0.04173317979279658,-4.204370204213378,0.003165334332760479,-1.673391391355882,0.6851069866857449,0.5425858449951737,0.21794570627258603,0.26339821205387615,0.09460258846563069,1.2837031927004234,0.39223561873050244,0.0,-0.022949141200018116,0.9260433722929119,0.9073111768599689,177.0740152248082,0.21103708212031994,0.17113361882203754,0.9411601830896911,0.03996866239444037
19.861861079908635,-0.3984965106993668,0.12700429339269254,0.2760187923223003,0.4205284845655233,0.024921765283537015,0.0013782127119630924,0.2675105281892659,0.1077445572586812,1.0,152.61533222895582,187.60744696659492,61.887787321670594,0.06756199040410275,16.17267671509359,290.45681010121905,25.486490214454143,-3079.9017186264027,0.1625523003680078,0.9314989394746928,-0.4972040784469378,0.8676336233547726,-0.4972040784469378,0.8676336233547726,0.021940826168084834,0.15223010996126396,-7.914882336339149,0.028822803421788414,19.38280243062955,0.07216433987190204,0.3837491734486822,0.26913322028327197,0.19832706294129362,0.0322102069472515,1.2709882316428693,0.34851670068089985,0.0,0.5388811753881136,0.9218098249897164,0.7899109315466157,190.7013346302981,0.07603406352081286,0.20698505767718806,0.703411563463606,0.27678125879275933
23.372540350316452,-0.39381683306257526,-0.053325218268269664,0.055254733847052526,-1.9239577563782269,0.023338306437255724,0.012600037550265153,0.4440070941428905,0.02559276209906977,0.0,144.0434335958691,188.13490550320455,75.04734041334265,114.28151042806275,117.02951659433828,32.10227393412025,3.3637623011202287,-1312.0010342633045,1.0988526654468962,0.6893368605878929,-0.999832969770105,0.018276557681691223,-0.999832969770105,0.018276557681691223,0.07260440660196572,-0.05771055605128,-9.204499821388879,0.011363367930698273,-7.681147536610727,0.23882612252255775,0.32394428826995036,0.0,0.5911389573803119,0.34486550772625907,0.8924215207116978,0.35765180520762624,0.0,1.2710799524426366,0.9814286936152681,0.3017844932284271,158.78507133751583,0.19599777408075073,0.3266103428956269,0.7068417942892571,0.4567627627351731
26.153127482645004,0.09665941162892722,0.02447762837986569,0.20625658521047704,-0.9753627692506814,0.010027475803545268,0.005333438160553773,0.2243344126547599,0.028511837791145196,0.0,152.54959815212726,182.51083851125574,31.862688097089038,8.45969712313774,38.26004057821485,40.26222420781712,54.23764686266016,-1255.1676665964571,1.196109521884543,0.5618469470659689,0.9941098647022418,0.10837701279187609,0.9941098647022418,0.10837701279187609,-0.06568140545020816,-0.001673525543777984,2.5279459147287926,0.006396186384584344,3.7340523730656168,0.6008351252816533,1.1985709347061189,0.13347873914487257,0.0190949066162538,0.09575550475293038,0.7038766891905044,0.3340756851850148,1.0,-0.5720276127154027,0.9726827018258541,0.6352349807900863,172.3851180020294,0.07664407208599125,0.12608361449715574,0.7419117764652973,0.1171376369053146
20.132199121940722,-0.202208845871719,-0.0055476016256334896,0.34549199479709575,0.5678064748003915,0.016349957473833967,0.005962577526577622,0.24200566656333827,0.05097426239478025,0.0,170.77760327172106,226.4738860992015,104.3703186848772,84.49046395673375,433.2653544654154,96.83406596436822,9.996839240376135,-3915.4688792833795,0.16469978871575802,0.34110203942305783,0.9335418911179212,0.35846832151248087,0.9335418911179212,0.35846832151248087,-0.056407336854603356,-0.13232487849276384,-4.070908749307268,0.012336060348423302,-0.9474061095319909,1.4856105456842539,0.695773394284068,0.28812867022402255,0.32840161714244503,0.0697716849798262,0.8336391533685057,0.5600642784742433,1.0,0.2181261224882916,0.9562349594918842,0.0,162.97837351272042,0.06076207382868959,0.21947847799658096,0.8165175727332763,0.23434229120939065
19.440924728709614,-0.7036218673575982,-0.16976223095181228,0.3067371484788442,0.04153901620282241,0.024412429392062736,0.027084726458625554,0.14791658091346738,0.05806358068331278,0.0,171.76982835018936,232.87317430427467,33.218526980622684,12.034262286287326,7.303675706929783,172.3119628186013,264.62580171268155,-2384.866670370202,2.3932196508392547,0.5705380146850741,-0.9093882203647925,-0.4159483918249421,-0.9093882203647925,-0.4159483918249421,-0.024157927764865347,0.18081298986005195,-13.679059760773168,0.008588566330268875,-29.160029270937997,0.14670055346179298,0.19074504905325768,0.2625885531731455,0.20132581508699846,0.06364693136878505,0.6988186733509627,0.2021958600486983,0.0,0.6214584449972889,1.0,0.8015708329365151,205.45646312353344,0.0513559431726354,0.2467790341909556,0.8588491417509467,0.0780376007809974
25.969435803355765,-0.5262877123108407,0.1428338306263913,0.15416691316160788,-2.2077866819393157,0.015237405012079831,0.004438289577663114,0.10107457520112395,0.04996278854296593,0.0,126.58489480953517,168.3434895129042,33.117436491719324,20.17998186542952,42.11887426354715,255.3392051007184,6.095383968284264,-2428.0132218816275,0.6294677442953902,0.8915757763383317,0.38541335945432564,0.9227440286201427,0.38541335945432564,0.9227440286201427,-0.021839778005391483,-0.13868266623347048,-13.667394958951345,0.005049967627843864,18.080605425084705,0.9582020341188024,0.39219089571912924,0.1748880796355398,0.06025173015668711,0.008831263911372112,1.3034079237607132,0.351035562191124,0.0,0.03319106298041026,0.9773339568437366,0.599866063880171,157.45824086469062,0.02534545887106317,0.0593992673071472,0.6185785806042559,0.3751961574187583
19.745899720259544,0.08341614753893775,-0.013515360703241589,0.06965756815853513,-0.33428842532846437,0.011976256386231083,0.005127494731888397,0.1102781031694606,0.039607644382289836,0.0,201.71493065467027,245.15952104052025,35.57626606469902,18.467842813936368,24.870438190676897,7.898678278008171,153.98111961444278,-1180.7944750788822,1.6618811173309882,0.6523801339438646,-0.24477230089725957,-0.9695805901076308,-0.24477230089725957,-0.9695805901076308,0.09992329373729654,0.2970312689875706,1.6471268843542397,0.004367855893489465,-2.7262500470272326,0.3804612144817208,1.2069913110098258,0.08060451051211692,0.8058213227770147,0.11178747637150287,0.8590871785927668,0.5670954813069105,1.0,-0.3291566329628489,1.0,0.8530067856227962,252.17718458302227,0.11308133549009435,0.0724810324891183,1.0085746532733513,0.029902696644016742
28.500815026963195,-0.5498957747707335,0.07464182196329605,0.8747069764456388,0.2705960246888588,0.005497204437469743,0.002705215222611352,0.0,0.0003802802989023506,0.0,168.49024419825108,226.55169075033723,62.587761371496526,21.536338509175014,22.3301753520973,277.2523424647486,25.332085504019247,-3313.5756956300856,1.6839177715042972,0.6024819979535042,0.31494162072895193,-0.9491110448902284,0.31494162072895193,-0.9491110448902284,0.05008546100074194,-0.06316683366396487,-15.67247776084929,0.0,12.576418809998133,2.306096842243847,0.2801070040894936,0.9279709450305987,0.5789024998663271,0.01848072174472183,0.7682670530630696,0.3644971480698047,1.0,0.07029297231639613,0.9208381599513508,0.8413933357006139,202.9519358959278,0.14117811728734783,0.02999196271032847,0.7757612321863564,0.02611115368127917
