date,year,month,day_of_year,lat,lon,sst,chl,ssh,do,current_speed,front_strength,eddy_strength,phi,hsi,cpue_kg_per_day,species,proxy_cpue,bathy_depth,bathy_slope,bathy_dist_to_seamount,bathy_dist_to_shelf_break
2019-01-15,2019,1,15,25.0,135.0,25.18,0.4618,-0.0054,4.72,0.113,0.0899,67.8,0.514,0.5809,45.2,yellowfin,0.341004308481903,-3999.757080078125,0.07064282894134521,500.0,300.0
2019-01-15,2019,1,15,20.0,140.0,26.32,0.3618,0.03,4.45,0.113,0.0265,159.8,0.514,0.7661,38.7,yellowfin,0.3295103328401323,-3999.487060546875,0.2903289794921875,500.0,300.0
2019-01-15,2019,1,15,15.0,150.0,27.42,0.2618,0.0654,4.19,0.2,0.0453,142.9,0.512,0.8209,52.1,yellowfin,0.8777839963790027,-3526.7626953125,3.1416728496551514,214.81137084960938,300.0
2019-01-15,2019,1,15,10.0,155.0,29.78,0.1618,0.08,2.23,0.287,0.0358,115.3,0.308,0.5758,61.3,yellowfin,0.5162039419931646,-4000.0,0.0,500.0,300.0
2019-01-15,2019,1,15,8.0,160.0,30.68,0.2018,0.0776,3.56,0.299,0.0153,86.8,0.513,0.4887,55.8,yellowfin,0.5821047254206616,-4000.0,0.0,500.0,300.0
2019-02-15,2019,2,46,25.0,135.0,25.45,0.4764,-0.0094,4.68,0.113,0.0707,61.3,0.517,0.6383,42.1,yellowfin,0.13829615064129913,-3999.757080078125,0.07064282894134521,500.0,300.0
2019-02-15,2019,2,46,22.0,138.0,26.07,0.4164,0.0105,4.53,0.101,0.0848,68.0,0.516,0.745,35.6,yellowfin,0.33141128741750125,-3999.487060546875,0.2774035334587097,500.0,300.0
2019-02-15,2019,2,46,18.0,145.0,26.9,0.3364,0.0414,4.33,0.141,0.0155,134.0,0.515,0.8334,48.3,yellowfin,0.679549565537566,-3999.060791015625,0.07385315746068954,462.1146240234375,300.0
2019-02-15,2019,2,46,12.0,152.0,28.97,0.2164,0.0735,2.39,0.259,0.0297,130.4,0.317,0.7407,58.9,yellowfin,0.5010858747863516,-3999.958251953125,0.0076246121898293495,500.0,300.0
2019-02-15,2019,2,46,7.0,162.0,31.36,0.2364,0.0705,3.44,0.299,0.0109,37.5,0.513,0.3999,63.2,yellowfin,0.996788273104078,-4000.0,0.0,500.0,300.0
2019-03-15,2019,3,74,26.0,132.0,24.93,0.5126,-0.0255,4.78,0.426,0.1093,57.0,0.513,0.5362,39.8,yellowfin,0.6331543609367234,-3885.012451171875,1.6395710706710815,500.0,300.0
2019-03-15,2019,3,74,20.0,142.0,26.33,0.3926,0.015,4.45,0.113,0.0207,100.9,0.514,0.7804,44.5,yellowfin,0.7758089899560138,-3999.999755859375,0.0032578192185610533,500.0,300.0
2019-03-15,2019,3,74,15.0,148.0,27.43,0.2926,0.0504,4.19,0.2,0.0391,149.8,0.512,0.8491,56.7,yellowfin,0.8540684100203779,-1200.0,0.0,0.0,300.0
2019-03-15,2019,3,74,10.0,158.0,29.75,0.1926,0.065,2.24,0.287,0.0085,107.5,0.308,0.6218,68.4,yellowfin,0.3150085704619968,-4000.0,0.0,500.0,300.0
2019-03-15,2019,3,74,6.0,165.0,31.57,0.2726,0.0555,3.38,0.295,0.014,51.9,0.51,0.3822,72.1,yellowfin,0.5599035556319486,-4000.0,0.0,500.0,300.0
2019-04-15,2019,4,105,28.0,130.0,23.56,0.56,-0.0476,5.03,0.159,0.068,87.9,0.502,0.2855,33.2,yellowfin,0.37055013147275906,-3999.9931640625,0.0034490651451051235,500.0,300.0
2019-04-15,2019,4,105,24.0,136.0,24.73,0.48,-0.0294,4.77,0.105,0.0797,60.4,0.507,0.4925,41.9,yellowfin,0.11928654894847633,-3994.5859375,1.1953444480895996,500.0,300.0
2019-04-15,2019,4,105,18.0,144.0,26.42,0.36,0.0155,4.4,0.141,0.0665,120.8,0.51,0.7818,55.3,yellowfin,0.3821952776720736,-3999.958251953125,0.007620806340128183,500.0,300.0
2019-04-15,2019,4,105,12.0,155.0,28.47,0.24,0.0476,2.47,0.259,0.0542,84.9,0.318,0.8036,67.8,yellowfin,0.8336736410162994,-4000.0,0.0,500.0,300.0
2019-04-15,2019,4,105,8.0,163.0,30.07,0.24,0.0476,3.65,0.299,0.0067,79.8,0.51,0.6228,75.4,yellowfin,0.5758323630772512,-4000.0,0.0,500.0,300.0
2019-05-15,2019,5,135,30.0,128.0,21.61,0.7926,-0.065,5.36,0.2,0.0274,55.9,0.483,0.0777,28.5,yellowfin,0.6101634816124271,-4000.0,0.0,500.0,300.0
2019-05-15,2019,5,135,25.0,134.0,23.44,0.4926,-0.0504,4.98,0.113,0.0777,64.6,0.495,0.2622,38.1,yellowfin,0.25489581259455873,-3985.682373046875,0.5807504057884216,500.0,300.0
2019-05-15,2019,5,135,20.0,142.0,25.25,0.3926,-0.015,4.61,0.113,0.0052,115.0,0.504,0.5784,52.6,yellowfin,0.46214522248673184,-3999.999755859375,0.0032578192185610533,500.0,300.0
2019-05-15,2019,5,135,14.0,150.0,27.34,0.2726,0.0255,2.68,0.221,0.0408,163.4,0.326,0.8258,64.2,yellowfin,0.31017162880977955,-3696.569580078125,2.6439831256866455,242.32080078125,300.0
2019-05-15,2019,5,135,9.0,160.0,28.99,0.2126,0.0344,3.83,0.295,0.0234,52.3,0.507,0.7346,71.9,yellowfin,0.4212533830689884,-4000.0,0.0,500.0,300.0
2019-06-15,2019,6,166,28.0,132.0,21.14,0.5364,-0.0735,5.39,0.459,0.0865,43.2,0.474,0.0513,36.4,yellowfin,0.9352237710123531,-3999.972412109375,0.006270179525017738,500.0,300.0
2019-06-15,2019,6,166,22.0,140.0,23.76,0.4164,-0.0414,4.88,0.101,0.0665,118.5,0.493,0.3057,48.7,yellowfin,0.4147767554685473,-3999.999755859375,0.023187898099422455,500.0,300.0
2019-06-15,2019,6,166,16.0,148.0,26.32,0.2964,0.0034,4.37,0.179,0.0706,168.5,0.505,0.7291,62.3,yellowfin,0.5790988697635646,-2204.69482421875,4.002488136291504,111.1949234008789,300.0
2019-06-15,2019,6,166,10.0,156.0,28.06,0.1764,0.024,2.49,0.287,0.0116,93.8,0.315,0.7267,78.5,yellowfin,0.963976668410671,-4000.0,0.0,500.0,300.0
2019-06-15,2019,6,166,7.0,164.0,28.78,0.2364,0.0186,3.82,0.299,0.0233,85.3,0.501,0.7801,85.2,yellowfin,0.34449357511856016,-4000.0,0.0,500.0,300.0
2019-07-15,2019,7,196,26.0,134.0,21.23,0.4818,-0.0705,5.34,0.426,0.0704,57.8,0.471,0.0545,42.8,yellowfin,0.2621172932857512,-3998.21728515625,0.20840080082416534,500.0,300.0
2019-07-15,2019,7,196,20.0,142.0,24.16,0.3618,-0.03,4.78,0.113,0.0089,105.5,0.493,0.3641,55.1,yellowfin,0.782698799200886,-3999.999755859375,0.0032578192185610533,500.0,300.0
2019-07-15,2019,7,196,14.0,150.0,26.77,0.2418,0.0105,2.76,0.221,0.0663,169.3,0.327,0.7437,68.9,yellowfin,0.44745671307855284,-3696.569580078125,2.6439831256866455,242.32080078125,300.0
2019-07-15,2019,7,196,9.0,158.0,27.8,0.1818,0.0194,2.51,0.295,0.0193,107.6,0.313,0.734,82.3,yellowfin,0.3320706231751155,-4000.0,0.0,500.0,300.0
2019-07-15,2019,7,196,6.0,166.0,28.35,0.2418,0.0105,3.87,0.295,0.0236,44.9,0.496,0.8106,88.7,yellowfin,0.9116558039726971,-4000.0,0.0,500.0,300.0
2019-08-15,2019,8,227,28.0,130.0,19.89,0.5139,-0.0735,5.58,0.159,0.0872,81.6,0.458,0.0159,40.5,yellowfin,0.8690430254880809,-3999.9931640625,0.0034490651451051235,500.0,300.0
2019-08-15,2019,8,227,22.0,138.0,22.97,0.3939,-0.0414,4.99,0.101,0.0793,137.6,0.484,0.1917,52.3,yellowfin,0.32431627059512824,-3999.487060546875,0.2774035334587097,500.0,300.0
2019-08-15,2019,8,227,16.0,146.0,26.0,0.2739,0.0034,4.42,0.179,0.0,166.3,0.502,0.6619,65.8,yellowfin,0.30473181715677455,-3696.569580078125,2.6439831256866455,241.42852783203125,300.0
2019-08-15,2019,8,227,11.0,154.0,27.26,0.1739,0.0234,2.63,0.274,0.0517,106.5,0.319,0.6982,79.1,yellowfin,0.2665011740655191,-4000.0,5.56518500616221e-07,500.0,300.0
2019-08-15,2019,8,227,7.0,162.0,27.96,0.2139,0.0186,3.95,0.299,0.0209,26.0,0.496,0.7825,86.4,yellowfin,0.826925265821699,-4000.0,0.0,500.0,300.0
2019-09-15,2019,9,258,27.0,132.0,20.72,0.4909,-0.0596,5.43,0.441,0.0756,61.9,0.467,0.0352,38.9,yellowfin,0.8959648257351891,-3996.429931640625,0.20245042443275452,500.0,300.0
2019-09-15,2019,9,258,21.0,140.0,23.67,0.3709,-0.0228,4.87,0.105,0.1096,108.0,0.49,0.2853,50.6,yellowfin,0.11854433684816434,-3999.933349609375,0.20347751677036285,500.0,300.0
2019-09-15,2019,9,258,15.0,148.0,26.56,0.2509,0.0204,4.32,0.2,0.0338,137.5,0.505,0.7267,63.2,yellowfin,0.9389305589712298,-1200.0,0.0,0.0,300.0
2019-09-15,2019,9,258,10.0,157.0,27.59,0.1509,0.035,2.56,0.287,0.0292,106.6,0.316,0.6746,76.8,yellowfin,0.91646415800986,-4000.0,0.0,500.0,300.0
2019-09-15,2019,9,258,6.0,165.0,28.37,0.2309,0.0255,3.86,0.295,0.0147,68.0,0.496,0.7974,82.1,yellowfin,0.6691248768100401,-4000.0,0.0,500.0,300.0
2019-10-15,2019,10,288,25.0,135.0,22.45,0.4502,-0.0354,5.13,0.113,0.0819,90.0,0.484,0.1385,35.7,yellowfin,0.7508082988346476,-3999.757080078125,0.07064282894134521,500.0,300.0
2019-10-15,2019,10,288,20.0,143.0,24.62,0.3502,0.0,4.71,0.113,0.013,122.8,0.497,0.4448,46.3,yellowfin,0.10256154831662151,-3999.897216796875,0.13498932123184204,500.0,300.0
2019-10-15,2019,10,288,14.0,151.0,27.01,0.2302,0.0405,2.73,0.221,0.0422,112.9,0.326,0.7551,58.9,yellowfin,0.8998167306399605,-3967.117919921875,0.6824870705604553,341.5587158203125,300.0
2019-10-15,2019,10,288,9.0,159.0,28.3,0.1702,0.0494,2.43,0.295,0.023,92.8,0.311,0.7124,70.2,yellowfin,0.6769689581598771,-4000.0,0.0,500.0,300.0
2019-10-15,2019,10,288,7.0,167.0,28.74,0.2102,0.0446,3.83,0.299,0.0201,61.1,0.501,0.7513,74.5,yellowfin,0.33574577671233774,-4000.0,0.0,500.0,300.0
2019-11-15,2019,11,319,24.0,136.0,23.81,0.43,-0.0144,4.91,0.105,0.0517,73.2,0.497,0.3148,32.1,yellowfin,0.847220505586928,-3994.5859375,1.1953444480895996,500.0,300.0
2019-11-15,2019,11,319,18.0,144.0,25.95,0.31,0.0305,4.47,0.141,0.0431,129.2,0.506,0.677,43.8,yellowfin,0.38904355449602923,-3999.958251953125,0.007620806340128183,500.0,300.0
2019-11-15,2019,11,319,13.0,152.0,27.67,0.21,0.0596,2.61,0.241,0.0468,142.3,0.323,0.7723,54.6,yellowfin,0.3023837070613977,-3999.61376953125,0.03350391238927841,485.4700622558594,300.0
2019-11-15,2019,11,319,8.0,160.0,29.34,0.19,0.0626,3.76,0.299,0.0389,79.4,0.507,0.6692,65.3,yellowfin,0.9397043347459635,-4000.0,0.0,500.0,300.0
2019-11-15,2019,11,319,6.0,168.0,29.93,0.23,0.0555,3.63,0.295,0.0226,56.3,0.504,0.6367,68.9,yellowfin,0.751653984032541,-4000.0,0.0,500.0,300.0
2019-12-15,2019,12,349,25.0,134.0,24.44,0.45,-0.0094,4.83,0.113,0.0416,70.1,0.506,0.4303,34.5,yellowfin,0.24998442254267433,-3985.682373046875,0.5807504057884216,500.0,300.0
2019-12-15,2019,12,349,20.0,141.0,25.87,0.35,0.026,4.52,0.113,0.0206,178.7,0.51,0.6826,40.2,yellowfin,0.827403066443386,-4000.0,0.0006317291408777237,500.0,300.0
2019-12-15,2019,12,349,15.0,149.0,27.24,0.25,0.0613,4.21,0.2,0.0462,153.6,0.51,0.7968,50.8,yellowfin,0.7745117494856991,-2204.69482421875,4.188150882720947,107.40596008300781,300.0
2019-12-15,2019,12,349,10.0,157.0,29.3,0.15,0.076,2.3,0.287,0.0197,76.6,0.31,0.6115,59.1,yellowfin,0.5712602255278524,-4000.0,0.0,500.0,300.0
2019-12-15,2019,12,349,7.0,165.0,30.47,0.21,0.0705,3.57,0.299,0.0314,80.8,0.509,0.5309,62.7,yellowfin,0.5767989737443545,-4000.0,0.0,500.0,300.0
2020-01-15,2020,1,15,24.0,136.0,25.41,0.4418,0.0006,4.67,0.105,0.0958,63.4,0.514,0.6237,43.8,yellowfin,0.1386461255990976,-3994.5859375,1.1953444480895996,500.0,300.0
2020-01-15,2020,1,15,18.0,144.0,26.77,0.3218,0.0455,4.34,0.141,0.0781,117.2,0.513,0.8092,51.2,yellowfin,0.4790852406936761,-3999.958251953125,0.007620806340128183,500.0,300.0
2020-01-15,2020,1,15,12.0,152.0,28.85,0.2018,0.0776,2.41,0.259,0.0617,167.9,0.317,0.7325,60.5,yellowfin,0.42692276586528854,-3999.958251953125,0.0076246121898293495,500.0,300.0
2020-01-15,2020,1,15,8.0,161.0,30.67,0.2018,0.0776,3.56,0.299,0.0101,64.6,0.513,0.4909,66.8,yellowfin,0.8450935840677537,-4000.0,0.0,500.0,300.0
2020-02-15,2020,2,46,26.0,133.0,25.23,0.4964,-0.0145,4.74,0.426,0.082,51.4,0.517,0.596,40.1,yellowfin,0.2831145424827708,-3971.32763671875,0.9623232483863831,500.0,300.0
2020-02-15,2020,2,46,20.0,141.0,26.49,0.3764,0.026,4.43,0.113,0.0045,130.8,0.516,0.7995,47.5,yellowfin,0.8221548407035552,-4000.0,0.0006317291408777237,500.0,300.0
2020-02-15,2020,2,46,14.0,149.0,27.99,0.2564,0.0664,2.58,0.221,0.0288,151.7,0.325,0.8327,56.9,yellowfin,0.6616491686297279,-2848.885498046875,4.325674057006836,154.7679901123047,300.0
2020-02-15,2020,2,46,9.0,158.0,30.41,0.1964,0.0754,2.12,0.295,0.0108,118.6,0.301,0.5266,64.2,yellowfin,0.3105025787327531,-4000.0,0.0,500.0,300.0
2020-03-15,2020,3,75,25.0,135.0,25.18,0.4926,-0.0204,4.72,0.113,0.0643,64.2,0.514,0.5858,44.6,yellowfin,0.5829469412810009,-3999.757080078125,0.07064282894134521,500.0,300.0
2020-03-15,2020,3,75,19.0,143.0,26.55,0.3726,0.0228,4.4,0.126,0.0663,113.9,0.514,0.8066,53.8,yellowfin,0.6667830762669983,-3999.999755859375,0.0032532047480344772,500.0,300.0
2020-03-15,2020,3,75,13.0,151.0,28.37,0.2526,0.0596,2.5,0.241,0.0545,160.4,0.321,0.8216,65.1,yellowfin,0.1414181207609645,-3991.332275390625,0.31989002227783203,392.6949157714844,300.0
2020-03-15,2020,3,75,8.0,160.0,30.68,0.2326,0.0626,3.56,0.299,0.0039,79.6,0.513,0.5144,73.4,yellowfin,0.5042000309782388,-4000.0,0.0,500.0,300.0
2020-04-15,2020,4,106,27.0,131.0,23.85,0.54,-0.0446,4.96,0.441,0.0852,70.4,0.504,0.332,38.2,yellowfin,0.967854778203005,-3996.429931640625,0.20245042443275452,500.0,300.0
2020-04-15,2020,4,106,21.0,139.0,25.58,0.42,-0.0078,4.58,0.105,0.0553,92.0,0.509,0.6526,49.7,yellowfin,0.5743054492300262,-3969.6162109375,1.722469449043274,500.0,300.0
2020-04-15,2020,4,106,15.0,147.0,27.25,0.3,0.0354,4.21,0.2,0.0604,153.5,0.51,0.8424,62.3,yellowfin,0.9556637984462791,-2204.69482421875,4.188150882720947,107.40596008300781,300.0
2020-04-15,2020,4,106,10.0,156.0,29.31,0.2,0.05,2.3,0.287,0.0225,106.9,0.31,0.6855,74.8,yellowfin,0.91789060549632,-4000.0,0.0,500.0,300.0
2020-05-15,2020,5,136,28.0,130.0,22.34,0.5526,-0.0626,5.21,0.159,0.0664,55.5,0.488,0.1316,32.9,yellowfin,0.605544142393809,-3999.9931640625,0.0034490651451051235,500.0,300.0
2020-05-15,2020,5,136,22.0,138.0,24.52,0.4326,-0.0305,4.76,0.101,0.0859,92.0,0.501,0.4443,45.1,yellowfin,0.49035925145264203,-3999.487060546875,0.2774035334587097,500.0,300.0
2020-05-15,2020,5,136,16.0,146.0,26.65,0.3126,0.0144,4.32,0.179,0.0873,159.4,0.508,0.7874,58.6,yellowfin,0.5537346242271945,-3696.569580078125,2.6439831256866455,241.42852783203125,300.0
2020-05-15,2020,5,136,11.0,155.0,28.35,0.2126,0.0344,2.47,0.274,0.0262,125.6,0.316,0.7751,69.3,yellowfin,0.7924161517619445,-4000.0,0.0,500.0,300.0
2020-06-15,2020,6,167,26.0,134.0,22.01,0.4964,-0.0664,5.22,0.426,0.0605,77.2,0.48,0.1025,39.7,yellowfin,0.8321695781702468,-3998.21728515625,0.20840080082416534,500.0,300.0
2020-06-15,2020,6,167,20.0,142.0,24.62,0.3764,-0.026,4.71,0.113,0.0316,113.0,0.497,0.4513,52.4,yellowfin,0.810187006523822,-3999.999755859375,0.0032578192185610533,500.0,300.0
2020-06-15,2020,6,167,14.0,150.0,27.01,0.2564,0.0145,2.73,0.221,0.0693,150.5,0.326,0.7834,66.8,yellowfin,0.5781678420408867,-3696.569580078125,2.6439831256866455,242.32080078125,300.0
2020-06-15,2020,6,167,9.0,159.0,28.3,0.1964,0.0234,2.43,0.295,0.0282,125.5,0.311,0.7538,80.1,yellowfin,0.9213491465300702,-4000.0,0.0,500.0,300.0
2020-07-15,2020,7,197,25.0,136.0,21.72,0.4618,-0.0654,5.24,0.113,0.0751,55.5,0.475,0.0815,45.3,yellowfin,0.751587383717702,-3912.951904296875,1.6328835487365723,500.0,300.0
2020-07-15,2020,7,197,19.0,144.0,24.65,0.3418,-0.0222,4.68,0.126,0.0322,122.2,0.496,0.4469,58.7,yellowfin,0.3393254506413187,-3999.9892578125,0.014183931052684784,500.0,300.0
2020-07-15,2020,7,197,13.0,152.0,26.98,0.2218,0.0146,2.71,0.241,0.0485,141.1,0.324,0.7431,72.1,yellowfin,0.4908129660865159,-3999.61376953125,0.03350391238927841,485.4700622558594,300.0
2020-07-15,2020,7,197,8.0,161.0,27.98,0.2018,0.0176,3.96,0.299,0.0228,92.5,0.498,0.766,84.5,yellowfin,0.212320234139534,-4000.0,0.0,500.0,300.0
2020-08-15,2020,8,228,27.0,132.0,20.41,0.4939,-0.0705,5.48,0.441,0.0803,83.8,0.463,0.0264,41.8,yellowfin,0.43973464689701125,-3996.429931640625,0.20245042443275452,500.0,300.0
2020-08-15,2020,8,228,21.0,140.0,23.49,0.3739,-0.0338,4.9,0.105,0.0747,172.8,0.488,0.2576,54.2,yellowfin,0.5359055040357091,-3999.933349609375,0.20347751677036285,500.0,300.0
2020-08-15,2020,8,228,15.0,148.0,26.5,0.2539,0.0094,4.33,0.2,0.0625,130.4,0.504,0.7205,67.6,yellowfin,0.7280973802439318,-1200.0,0.0,0.0,300.0
2020-08-15,2020,8,228,10.0,157.0,27.43,0.1539,0.024,2.59,0.287,0.0093,109.6,0.316,0.6732,79.3,yellowfin,0.6377071291626741,-4000.0,0.0,500.0,300.0
2020-09-15,2020,9,259,26.0,134.0,21.23,0.4709,-0.0555,5.34,0.426,0.0755,75.8,0.471,0.0544,37.5,yellowfin,0.43741727504900996,-3998.21728515625,0.20840080082416534,500.0,300.0
2020-09-15,2020,9,259,20.0,142.0,24.16,0.3509,-0.015,4.78,0.113,0.0247,127.9,0.493,0.3616,49.8,yellowfin,0.9856197244165441,-3999.999755859375,0.0032578192185610533,500.0,300.0
2020-09-15,2020,9,259,14.0,150.0,26.77,0.2309,0.0255,2.76,0.221,0.0331,111.9,0.327,0.732,62.1,yellowfin,0.2510952165355448,-3696.569580078125,2.6439831256866455,242.32080078125,300.0
2020-09-15,2020,9,259,9.0,159.0,27.79,0.1709,0.0344,2.51,0.295,0.0155,104.7,0.313,0.7158,73.6,yellowfin,0.8676053838991051,-4000.0,0.0,500.0,300.0
2020-10-15,2020,10,289,24.0,137.0,22.89,0.4302,-0.0294,5.05,0.105,0.0843,56.7,0.487,0.1848,34.2,yellowfin,0.829425575800641,-3912.952880859375,1.5607727766036987,500.0,300.0
2020-10-15,2020,10,289,18.0,145.0,25.48,0.3102,0.0155,4.54,0.141,0.0535,152.9,0.502,0.5912,45.6,yellowfin,0.1613247169758156,-3999.060791015625,0.07385315746068954,462.1146240234375,300.0
2020-10-15,2020,10,289,12.0,153.0,27.54,0.1902,0.0476,2.61,0.259,0.0323,127.2,0.321,0.739,57.3,yellowfin,0.3473470953997324,-3999.999267578125,0.000332999334204942,500.0,300.0
2020-10-15,2020,10,289,8.0,162.0,28.54,0.1902,0.0476,3.88,0.299,0.0206,53.1,0.502,0.7354,67.8,yellowfin,0.9932624846157664,-4000.0,0.0,500.0,300.0
2020-11-15,2020,11,320,25.0,135.0,23.45,0.45,-0.0204,4.98,0.113,0.0872,81.8,0.495,0.2605,31.8,yellowfin,0.913680464136648,-3999.757080078125,0.07064282894134521,500.0,300.0
2020-11-15,2020,11,320,19.0,143.0,25.6,0.33,0.0228,4.54,0.126,0.0717,159.6,0.505,0.6238,42.5,yellowfin,0.7526819462993126,-3999.999755859375,0.0032532047480344772,500.0,300.0
2020-11-15,2020,11,320,13.0,151.0,27.68,0.21,0.0596,2.61,0.241,0.0224,115.5,0.323,0.7725,53.1,yellowfin,0.4645106391280053,-3991.332275390625,0.31989002227783203,392.6949157714844,300.0
2020-11-15,2020,11,320,8.0,160.0,29.34,0.19,0.0626,3.76,0.299,0.0252,86.2,0.507,0.6692,62.4,yellowfin,0.7697381368578158,-4000.0,0.0,500.0,300.0
2020-12-15,2020,12,350,24.0,136.0,24.73,0.43,-0.0034,4.77,0.105,0.0903,158.6,0.507,0.4846,33.6,yellowfin,0.9356846260444271,-3994.5859375,1.1953444480895996,500.0,300.0
2020-12-15,2020,12,350,18.0,144.0,26.42,0.31,0.0414,4.4,0.141,0.0614,168.0,0.51,0.7539,41.9,yellowfin,0.28352074826513307,-3999.958251953125,0.007620806340128183,500.0,300.0
2020-12-15,2020,12,350,12.0,152.0,28.5,0.19,0.0735,2.47,0.259,0.0691,137.1,0.318,0.737,51.2,yellowfin,0.5972727836230828,-3999.958251953125,0.0076246121898293495,500.0,300.0
2020-12-15,2020,12,350,8.0,161.0,30.1,0.19,0.0735,3.64,0.299,0.0168,91.1,0.511,0.5681,58.7,yellowfin,0.18391078617114084,-4000.0,0.0,500.0,300.0
2021-01-15,2021,1,15,25.0,134.0,25.17,0.4618,-0.0054,4.72,0.113,0.0645,65.9,0.514,0.5787,44.1,yellowfin,0.2343395208036806,-3985.682373046875,0.5807504057884216,500.0,300.0
2021-01-15,2021,1,15,19.0,142.0,26.55,0.3418,0.0378,4.4,0.126,0.0403,140.2,0.514,0.7909,52.8,yellowfin,0.46246940086316635,-4000.0,7.849637768231332e-05,500.0,300.0
2021-01-15,2021,1,15,13.0,150.0,28.38,0.2218,0.0746,2.5,0.241,0.0963,96.9,0.321,0.7859,61.5,yellowfin,0.4000642812449132,-3920.0166015625,1.3216480016708374,309.8613586425781,300.0
2021-02-15,2021,2,46,26.0,133.0,25.23,0.4964,-0.0145,4.74,0.426,0.0937,29.2,0.517,0.596,41.3,yellowfin,0.33702595293157633,-3971.32763671875,0.9623232483863831,500.0,300.0
2021-02-15,2021,2,46,20.0,141.0,26.49,0.3764,0.026,4.43,0.113,0.0153,151.2,0.516,0.7995,50.6,yellowfin,0.3999221797479776,-4000.0,0.0006317291408777237,500.0,300.0
2021-02-15,2021,2,46,14.0,149.0,27.99,0.2564,0.0664,2.58,0.221,0.0513,120.7,0.325,0.8327,59.2,yellowfin,0.17373067392167388,-2848.885498046875,4.325674057006836,154.7679901123047,300.0
2021-03-15,2021,3,74,24.0,136.0,25.41,0.4726,-0.0144,4.67,0.105,0.0657,95.2,0.514,0.6298,46.8,yellowfin,0.95695864894564,-3994.5859375,1.1953444480895996,500.0,300.0
2021-03-15,2021,3,74,18.0,144.0,26.77,0.3526,0.0305,4.34,0.141,0.0354,149.6,0.513,0.8271,57.3,yellowfin,0.310448549481717,-3999.958251953125,0.007620806340128183,500.0,300.0
2021-03-15,2021,3,74,12.0,152.0,28.85,0.2326,0.0626,2.41,0.259,0.0509,111.1,0.317,0.771,68.1,yellowfin,0.61818823981592,-3999.958251953125,0.0076246121898293495,500.0,300.0
2021-04-15,2021,4,105,27.0,131.0,23.85,0.54,-0.0446,4.96,0.441,0.1229,67.4,0.504,0.332,39.5,yellowfin,0.9368333464866918,-3996.429931640625,0.20245042443275452,500.0,300.0
2021-04-15,2021,4,105,21.0,139.0,25.58,0.42,-0.0078,4.58,0.105,0.0395,122.1,0.509,0.6526,52.1,yellowfin,0.63113863716283,-3969.6162109375,1.722469449043274,500.0,300.0
2021-04-15,2021,4,105,15.0,147.0,27.25,0.3,0.0354,4.21,0.2,0.0368,164.6,0.51,0.8424,64.7,yellowfin,0.8798117000625114,-2204.69482421875,4.188150882720947,107.40596008300781,300.0
2021-05-15,2021,5,135,28.0,129.0,22.33,0.7526,-0.0626,5.21,0.159,0.0641,48.6,0.488,0.1328,34.2,yellowfin,0.48131469524210924,-3999.99951171875,0.0007229268085211515,500.0,300.0
2021-05-15,2021,5,135,22.0,137.0,24.52,0.4326,-0.0305,4.76,0.101,0.0901,123.6,0.501,0.4428,47.8,yellowfin,0.5780278693481323,-3999.933349609375,0.2014034539461136,500.0,300.0
2021-05-15,2021,5,135,16.0,145.0,26.65,0.3126,0.0144,4.32,0.179,0.026,143.2,0.508,0.7874,61.3,yellowfin,0.979305523393786,-3967.117919921875,0.6824870705604553,340.1339111328125,300.0
2021-06-15,2021,6,166,26.0,133.0,22.0,0.4964,-0.0664,5.22,0.426,0.0705,48.4,0.48,0.1017,41.9,yellowfin,0.42536956419812855,-3971.32763671875,0.9623232483863831,500.0,300.0
2021-06-15,2021,6,166,20.0,141.0,24.62,0.3764,-0.026,4.71,0.113,0.0377,137.5,0.497,0.4506,55.6,yellowfin,0.5985219525298464,-4000.0,0.0006317291408777237,500.0,300.0
2021-06-15,2021,6,166,14.0,149.0,27.02,0.2564,0.0145,2.73,0.221,0.0248,160.6,0.326,0.7838,69.2,yellowfin,0.6008782609351205,-2848.885498046875,4.325674057006836,154.7679901123047,300.0
2021-07-15,2021,7,196,25.0,135.0,21.72,0.4618,-0.0654,5.24,0.113,0.1224,91.3,0.475,0.0809,48.1,yellowfin,0.5470604863279146,-3999.757080078125,0.07064282894134521,500.0,300.0
2021-07-15,2021,7,196,19.0,143.0,24.65,0.3418,-0.0222,4.68,0.126,0.0196,128.8,0.496,0.4466,61.8,yellowfin,0.6885030569310338,-3999.999755859375,0.0032532047480344772,500.0,300.0
2021-07-15,2021,7,196,13.0,151.0,26.99,0.2218,0.0146,2.71,0.241,0.0753,120.1,0.324,0.7438,75.4,yellowfin,0.41987552353764235,-3991.332275390625,0.31989002227783203,392.6949157714844,300.0
2021-08-15,2021,8,227,27.0,131.0,20.4,0.4939,-0.0705,5.48,0.441,0.0889,70.3,0.463,0.0261,44.6,yellowfin,0.2294036529511431,-3996.429931640625,0.20245042443275452,500.0,300.0
2021-08-15,2021,8,227,21.0,139.0,23.48,0.3739,-0.0338,4.9,0.105,0.0615,117.2,0.488,0.2568,57.3,yellowfin,0.825683944736424,-3969.6162109375,1.722469449043274,500.0,300.0
2021-08-15,2021,8,227,15.0,147.0,26.5,0.2539,0.0094,4.33,0.2,0.0,127.1,0.504,0.7209,70.9,yellowfin,0.8680185986122769,-2204.69482421875,4.188150882720947,107.40596008300781,300.0
2021-09-15,2021,9,258,26.0,133.0,21.21,0.4709,-0.0555,5.34,0.426,0.0749,36.5,0.471,0.0539,40.2,yellowfin,0.1845390796472288,-3971.32763671875,0.9623232483863831,500.0,300.0
2021-09-15,2021,9,258,20.0,141.0,24.16,0.3509,-0.015,4.78,0.113,0.0363,100.8,0.493,0.361,52.8,yellowfin,0.17194012510694057,-4000.0,0.0006317291408777237,500.0,300.0
2021-09-15,2021,9,258,14.0,149.0,26.78,0.2309,0.0255,2.76,0.221,0.0412,144.8,0.327,0.7326,64.5,yellowfin,0.8106755628733445,-2848.885498046875,4.325674057006836,154.7679901123047,300.0
2021-10-15,2021,10,288,24.0,136.0,22.88,0.4302,-0.0294,5.05,0.105,0.1088,52.9,0.487,0.1838,36.7,yellowfin,0.626523704327181,-3994.5859375,1.1953444480895996,500.0,300.0
2021-10-15,2021,10,288,18.0,144.0,25.47,0.3102,0.0155,4.54,0.141,0.0733,145.4,0.502,0.5911,48.1,yellowfin,0.8411645810923467,-3999.958251953125,0.007620806340128183,500.0,300.0
2021-10-15,2021,10,288,12.0,152.0,27.55,0.1902,0.0476,2.61,0.259,0.0304,133.3,0.321,0.7393,59.6,yellowfin,0.28331009864632506,-3999.958251953125,0.0076246121898293495,500.0,300.0
2021-11-15,2021,11,319,25.0,135.0,23.45,0.45,-0.0204,4.98,0.113,0.084,58.6,0.495,0.2605,33.4,yellowfin,0.14958060093250794,-3999.757080078125,0.07064282894134521,500.0,300.0
2021-11-15,2021,11,319,19.0,143.0,25.6,0.33,0.0228,4.54,0.126,0.0514,130.8,0.505,0.6238,44.8,yellowfin,0.7251874017355974,-3999.999755859375,0.0032532047480344772,500.0,300.0
2021-11-15,2021,11,319,13.0,151.0,27.68,0.21,0.0596,2.61,0.241,0.0523,147.5,0.323,0.7725,55.2,yellowfin,0.6424916076980915,-3991.332275390625,0.31989002227783203,392.6949157714844,300.0
2021-12-15,2021,12,349,24.0,136.0,24.73,0.43,-0.0034,4.77,0.105,0.1117,56.8,0.507,0.4846,35.1,yellowfin,0.4765423723097032,-3994.5859375,1.1953444480895996,500.0,300.0
2021-12-15,2021,12,349,18.0,144.0,26.42,0.31,0.0414,4.4,0.141,0.0927,106.2,0.51,0.7539,43.7,yellowfin,0.4878936424254996,-3999.958251953125,0.007620806340128183,500.0,300.0
2021-12-15,2021,12,349,12.0,152.0,28.5,0.19,0.0735,2.47,0.259,0.047,135.9,0.318,0.737,52.9,yellowfin,0.8653872077847627,-3999.958251953125,0.0076246121898293495,500.0,300.0
2019-01-15,2019,1,15,28.0,132.0,24.49,0.5218,-0.0176,4.89,0.459,0.0899,48.1,0.66,0.3014,22.5,bigeye,0.37352086688660757,-3999.972412109375,0.006270179525017738,500.0,300.0
2019-01-15,2019,1,15,22.0,140.0,25.88,0.4018,0.0145,4.56,0.101,0.093,136.7,0.656,0.1665,35.8,bigeye,0.6866957393866524,-3999.999755859375,0.023187898099422455,500.0,300.0
2019-01-15,2019,1,15,15.0,148.0,27.43,0.2618,0.0654,4.19,0.2,0.0453,142.9,0.646,0.071,42.1,bigeye,0.22275600337059753,-1200.0,0.0,0.0,300.0
2019-01-15,2019,1,15,10.0,156.0,29.77,0.1618,0.08,2.23,0.287,0.0358,115.3,0.383,0.015,38.6,bigeye,0.8971650622207514,-4000.0,0.0,500.0,300.0
2019-01-15,2019,1,15,7.0,165.0,31.09,0.2218,0.0746,3.48,0.299,0.0153,76.6,0.631,0.0068,31.2,bigeye,0.25958213097282545,-4000.0,0.0,500.0,300.0
2019-02-15,2019,2,46,27.0,134.0,25.04,0.5164,-0.0186,4.78,0.441,0.0707,45.4,0.662,0.2447,24.8,bigeye,0.22937210704172542,-3999.944580078125,0.023794550448656082,500.0,300.0
2019-02-15,2019,2,46,20.0,142.0,26.5,0.3764,0.026,4.43,0.113,0.0224,91.1,0.655,0.1242,38.2,bigeye,0.6230025396134982,-3999.999755859375,0.0032578192185610533,500.0,300.0
2019-02-15,2019,2,46,14.0,150.0,27.99,0.2564,0.0664,2.58,0.221,0.0155,131.0,0.408,0.0522,44.5,bigeye,0.4401113656111748,-3696.569580078125,2.6439831256866455,242.32080078125,300.0
2019-02-15,2019,2,46,9.0,158.0,30.41,0.1964,0.0754,2.12,0.295,0.0099,93.9,0.373,0.0105,40.1,bigeye,0.8297964685267141,-4000.0,0.0,500.0,300.0
2019-03-15,2019,3,74,26.0,136.0,24.97,0.5126,-0.0255,4.77,0.426,0.0618,33.2,0.659,0.2511,28.3,bigeye,0.1929041379490416,-3994.587646484375,1.195844054222107,500.0,300.0
2019-03-15,2019,3,74,18.0,144.0,26.77,0.3526,0.0305,4.34,0.141,0.0793,140.7,0.651,0.1072,41.7,bigeye,0.1456154211388011,-3999.958251953125,0.007620806340128183,500.0,300.0
2019-03-15,2019,3,74,12.0,152.0,28.85,0.2326,0.0626,2.41,0.259,0.0514,95.6,0.397,0.0307,48.2,bigeye,0.3978917461357626,-3999.958251953125,0.0076246121898293495,500.0,300.0
2019-03-15,2019,3,74,8.0,162.0,30.66,0.2326,0.0626,3.56,0.299,0.0146,78.1,0.634,0.0094,43.5,bigeye,0.24634552304096785,-4000.0,0.0,500.0,300.0
2019-04-15,2019,4,105,28.0,130.0,23.56,0.56,-0.0476,5.03,0.159,0.057,58.4,0.65,0.4131,25.1,bigeye,0.16438764713245746,-3999.9931640625,0.0034490651451051235,500.0,300.0
2019-04-15,2019,4,105,22.0,138.0,25.3,0.44,-0.0155,4.65,0.101,0.068,100.4,0.651,0.2159,39.8,bigeye,0.24208355385807587,-3999.487060546875,0.2774035334587097,500.0,300.0
2019-04-15,2019,4,105,16.0,146.0,26.97,0.32,0.0294,4.27,0.179,0.038,186.9,0.646,0.0948,46.3,bigeye,0.43534549576545056,-3696.569580078125,2.6439831256866455,241.42852783203125,300.0
2019-04-15,2019,4,105,10.0,155.0,29.32,0.2,0.05,2.3,0.287,0.0199,78.8,0.386,0.0217,41.9,bigeye,0.6148929146853074,-4000.0,0.0,500.0,300.0
2019-05-15,2019,5,135,30.0,128.0,21.61,0.7926,-0.065,5.36,0.2,0.0282,28.0,0.633,0.6924,20.4,bigeye,0.582174730357392,-4000.0,0.0,500.0,300.0
2019-05-15,2019,5,135,24.0,136.0,23.81,0.4726,-0.0444,4.91,0.105,0.0842,42.4,0.642,0.3755,33.6,bigeye,0.3150010221904863,-3994.5859375,1.1953444480895996,500.0,300.0
2019-05-15,2019,5,135,18.0,144.0,25.95,0.3526,0.0005,4.47,0.141,0.0234,149.2,0.645,0.1571,42.8,bigeye,0.6152496456127552,-3999.958251953125,0.007620806340128183,500.0,300.0
2019-05-15,2019,5,135,12.0,153.0,28.02,0.2326,0.0326,2.54,0.259,0.0648,127.5,0.402,0.0497,45.2,bigeye,0.40883515666790804,-3999.999267578125,0.000332999334204942,500.0,300.0
2019-06-15,2019,6,166,28.0,132.0,21.14,0.5364,-0.0735,5.39,0.459,0.0777,44.9,0.623,0.7395,27.3,bigeye,0.6346126491487307,-3999.972412109375,0.006270179525017738,500.0,300.0
2019-06-15,2019,6,166,20.0,142.0,24.62,0.3764,-0.026,4.71,0.113,0.0052,115.0,0.639,0.2728,40.5,bigeye,0.5787867432613563,-3999.999755859375,0.0032578192185610533,500.0,300.0
2019-06-15,2019,6,166,14.0,150.0,27.01,0.2564,0.0145,2.73,0.221,0.0408,163.4,0.413,0.0873,47.8,bigeye,0.9986265474853623,-3696.569580078125,2.6439831256866455,242.32080078125,300.0
2019-06-15,2019,6,166,8.0,160.0,28.56,0.2164,0.0216,3.88,0.299,0.0234,40.7,0.629,0.0354,43.1,bigeye,0.13511127010628265,-4000.0,0.0,500.0,300.0
2019-07-15,2019,7,196,26.0,134.0,21.23,0.4818,-0.0705,5.34,0.426,0.0865,53.8,0.619,0.7195,30.2,bigeye,0.9052694808832716,-3998.21728515625,0.20840080082416534,500.0,300.0
2019-07-15,2019,7,196,18.0,144.0,25.13,0.3218,-0.0145,4.59,0.141,0.0365,157.5,0.638,0.2169,43.6,bigeye,0.9583980268187234,-3999.958251953125,0.007620806340128183,500.0,300.0
2019-07-15,2019,7,196,12.0,152.0,27.2,0.2018,0.0176,2.66,0.259,0.0706,142.7,0.406,0.0729,50.1,bigeye,0.5142025403595917,-3999.958251953125,0.0076246121898293495,500.0,300.0
2019-07-15,2019,7,196,7.0,162.0,28.19,0.2218,0.0146,3.91,0.299,0.0116,59.6,0.624,0.0443,45.3,bigeye,0.6921426351978869,-4000.0,0.0,500.0,300.0
2019-08-15,2019,8,227,28.0,130.0,19.89,0.5139,-0.0735,5.58,0.159,0.0866,70.4,0.608,0.8766,28.7,bigeye,0.10158896571974879,-3999.9931640625,0.0034490651451051235,500.0,300.0
2019-08-15,2019,8,227,22.0,140.0,22.99,0.3939,-0.0414,4.99,0.101,0.0704,102.6,0.629,0.4662,41.2,bigeye,0.5600646268818282,-3999.999755859375,0.023187898099422455,500.0,300.0
2019-08-15,2019,8,227,16.0,148.0,26.0,0.2739,0.0034,4.42,0.179,0.0279,126.0,0.639,0.144,48.5,bigeye,0.6719225062968138,-2204.69482421875,4.002488136291504,111.1949234008789,300.0
2019-08-15,2019,8,227,10.0,158.0,27.41,0.1539,0.024,2.59,0.287,0.0281,127.1,0.399,0.0586,44.8,bigeye,0.9803997571192823,-4000.0,0.0,500.0,300.0
2019-09-15,2019,9,258,27.0,133.0,20.73,0.4909,-0.0596,5.43,0.441,0.0786,74.8,0.616,0.7822,26.4,bigeye,0.4968085764523139,-3999.10986328125,0.1127578392624855,500.0,300.0
2019-09-15,2019,9,258,20.0,142.0,24.16,0.3509,-0.015,4.78,0.113,0.0236,116.5,0.635,0.3161,39.8,bigeye,0.1008438479590461,-3999.999755859375,0.0032578192185610533,500.0,300.0
2019-09-15,2019,9,258,14.0,150.0,26.77,0.2309,0.0255,2.76,0.221,0.0572,173.0,0.414,0.0948,46.2,bigeye,0.3463216525742731,-3696.569580078125,2.6439831256866455,242.32080078125,300.0
2019-09-15,2019,9,258,8.0,160.0,28.0,0.1909,0.0326,3.96,0.299,0.0196,107.2,0.627,0.0467,42.5,bigeye,0.1657465927824212,-4000.0,0.0,500.0,300.0
2019-10-15,2019,10,288,25.0,136.0,22.46,0.4502,-0.0354,5.13,0.113,0.0276,87.0,0.631,0.548,24.1,bigeye,0.7868921488107812,-3912.951904296875,1.6328835487365723,500.0,300.0
2019-10-15,2019,10,288,18.0,144.0,25.47,0.3102,0.0155,4.54,0.141,0.0517,139.3,0.641,0.1866,37.5,bigeye,0.5024307499344663,-3999.958251953125,0.007620806340128183,500.0,300.0
2019-10-15,2019,10,288,12.0,152.0,27.55,0.1902,0.0476,2.61,0.259,0.0518,84.3,0.404,0.0595,43.8,bigeye,0.466666684211669,-3999.958251953125,0.0076246121898293495,500.0,300.0
2019-10-15,2019,10,288,7.0,163.0,28.8,0.2102,0.0446,3.82,0.299,0.0178,72.9,0.627,0.0305,39.2,bigeye,0.8006958210152626,-4000.0,0.0,500.0,300.0
2019-11-15,2019,11,319,26.0,134.0,23.09,0.47,-0.0255,5.06,0.426,0.1096,51.1,0.64,0.4665,21.8,bigeye,0.42630779577468103,-3998.21728515625,0.20840080082416534,500.0,300.0
2019-11-15,2019,11,319,20.0,142.0,25.25,0.35,0.015,4.61,0.113,0.0119,119.4,0.645,0.2111,34.6,bigeye,0.7751018325097624,-3999.999755859375,0.0032578192185610533,500.0,300.0
2019-11-15,2019,11,319,14.0,150.0,27.34,0.23,0.0555,2.68,0.221,0.0683,148.8,0.412,0.0713,40.3,bigeye,0.5152621141307243,-3696.569580078125,2.6439831256866455,242.32080078125,300.0
2019-11-15,2019,11,319,9.0,160.0,28.99,0.17,0.0644,3.83,0.295,0.0147,97.8,0.634,0.025,36.7,bigeye,0.3965253384559956,-4000.0,0.0,500.0,300.0
2019-12-15,2019,12,349,25.0,135.0,24.45,0.45,-0.0094,4.83,0.113,0.0819,90.0,0.651,0.2998,23.2,bigeye,0.355563586391056,-3999.757080078125,0.07064282894134521,500.0,300.0
2019-12-15,2019,12,349,18.0,143.0,26.42,0.31,0.0414,4.4,0.141,0.036,138.7,0.648,0.1227,32.8,bigeye,0.35909033694981474,-3999.999267578125,0.00033376755891367793,500.0,300.0
2019-12-15,2019,12,349,12.0,151.0,28.51,0.19,0.0735,2.46,0.259,0.0422,94.8,0.399,0.0349,38.1,bigeye,0.13213375541521466,-3999.060791015625,0.07388076931238174,465.2566833496094,300.0
2019-12-15,2019,12,349,8.0,161.0,30.1,0.19,0.0735,3.64,0.299,0.023,81.1,0.633,0.0128,34.5,bigeye,0.3441497271566023,-4000.0,0.0,500.0,300.0
2020-01-15,2020,1,15,27.0,133.0,24.72,0.5018,-0.0146,4.83,0.441,0.0801,50.1,0.659,0.2756,23.8,bigeye,0.6156522425652924,-3999.10986328125,0.1127578392624855,500.0,300.0
2020-01-15,2020,1,15,20.0,141.0,26.32,0.3618,0.03,4.45,0.113,0.0058,121.0,0.653,0.1334,36.4,bigeye,0.20562305801260444,-4000.0,0.0006317291408777237,500.0,300.0
2020-01-15,2020,1,15,13.0,149.0,28.38,0.2218,0.0746,2.5,0.241,0.0431,118.2,0.403,0.0397,43.2,bigeye,0.585438661085036,-3696.569580078125,2.5793802738189697,247.17706298828125,300.0
2020-01-15,2020,1,15,8.0,159.0,30.69,0.2018,0.0776,2.06,0.299,0.0184,84.0,0.367,0.0087,39.5,bigeye,0.8748464076154641,-4000.0,0.0,500.0,300.0
2020-02-15,2020,2,46,26.0,135.0,25.25,0.4964,-0.0145,4.73,0.426,0.1177,65.0,0.661,0.2241,25.6,bigeye,0.127834664362918,-3999.97119140625,0.06916337460279465,500.0,300.0
2020-02-15,2020,2,46,19.0,143.0,26.7,0.3564,0.0338,4.38,0.126,0.0552,137.0,0.653,0.1114,38.9,bigeye,0.2447949874123968,-3999.999755859375,0.0032532047480344772,500.0,300.0
2020-02-15,2020,2,46,13.0,151.0,28.48,0.2364,0.0705,2.49,0.241,0.0116,133.7,0.402,0.0384,45.1,bigeye,0.4579787748679609,-3991.332275390625,0.31989002227783203,392.6949157714844,300.0
2020-02-15,2020,2,46,8.0,161.0,30.88,0.2164,0.0735,3.53,0.299,0.0206,125.2,0.634,0.0079,41.3,bigeye,0.5462408442991629,-4000.0,0.0,500.0,300.0
2020-03-15,2020,3,75,25.0,137.0,25.2,0.4926,-0.0204,4.72,0.113,0.0762,76.6,0.658,0.2284,29.2,bigeye,0.8151135482737362,-2600.0,2.2027718387107598e-06,500.0,300.0
2020-03-15,2020,3,75,18.0,145.0,26.77,0.3526,0.0305,4.34,0.141,0.0493,121.9,0.651,0.1072,42.5,bigeye,0.13100881117154703,-3999.060791015625,0.07385315746068954,462.1146240234375,300.0
2020-03-15,2020,3,75,12.0,153.0,28.84,0.2326,0.0626,2.41,0.259,0.0729,139.1,0.397,0.0309,49.1,bigeye,0.9857842942326391,-3999.999267578125,0.000332999334204942,500.0,300.0
2020-03-15,2020,3,75,7.0,163.0,31.12,0.2526,0.0596,3.47,0.299,0.0279,47.6,0.631,0.0069,44.2,bigeye,0.960256333153338,-4000.0,0.0,500.0,300.0
2020-04-15,2020,4,106,27.0,131.0,23.85,0.54,-0.0446,4.96,0.441,0.1081,26.7,0.651,0.3758,26.3,bigeye,0.39289847898298014,-3996.429931640625,0.20245042443275452,500.0,300.0
2020-04-15,2020,4,106,21.0,139.0,25.58,0.42,-0.0078,4.58,0.105,0.0917,162.2,0.65,0.1907,40.7,bigeye,0.2813906300221074,-3969.6162109375,1.722469449043274,500.0,300.0
2020-04-15,2020,4,106,15.0,147.0,27.25,0.3,0.0354,4.21,0.2,0.0302,136.2,0.645,0.0811,47.2,bigeye,0.37397681669335825,-2204.69482421875,4.188150882720947,107.40596008300781,300.0
2020-04-15,2020,4,106,9.0,157.0,29.73,0.22,0.0494,2.22,0.295,0.021,77.5,0.38,0.0173,42.8,bigeye,0.6684417680829193,-4000.0,0.0,500.0,300.0
2020-05-15,2020,5,136,28.0,129.0,22.33,0.7526,-0.0626,5.21,0.159,0.049,52.3,0.637,0.5907,21.8,bigeye,0.11200395829989523,-3999.99951171875,0.0007229268085211515,500.0,300.0
2020-05-15,2020,5,136,22.0,137.0,24.52,0.4326,-0.0305,4.76,0.101,0.0588,115.7,0.644,0.2908,34.5,bigeye,0.1429574230747504,-3999.933349609375,0.2014034539461136,500.0,300.0
2020-05-15,2020,5,136,16.0,145.0,26.65,0.3126,0.0144,4.32,0.179,0.0316,180.9,0.644,0.1104,43.6,bigeye,0.7951556154870895,-3967.117919921875,0.6824870705604553,340.1339111328125,300.0
2020-05-15,2020,5,136,10.0,155.0,28.7,0.1926,0.035,2.4,0.287,0.0122,93.6,0.391,0.0313,46.1,bigeye,0.46677915707850515,-4000.0,0.0,500.0,300.0
2020-06-15,2020,6,167,26.0,133.0,22.0,0.4964,-0.0664,5.22,0.426,0.0963,36.9,0.628,0.618,28.5,bigeye,0.6296380571938636,-3971.32763671875,0.9623232483863831,500.0,300.0
2020-06-15,2020,6,167,20.0,141.0,24.62,0.3764,-0.026,4.71,0.113,0.0223,155.5,0.639,0.2732,41.8,bigeye,0.3760246122516975,-4000.0,0.0006317291408777237,500.0,300.0
2020-06-15,2020,6,167,14.0,149.0,27.02,0.2564,0.0145,2.73,0.221,0.0179,145.9,0.413,0.0871,48.5,bigeye,0.9176771278882945,-2848.885498046875,4.325674057006836,154.7679901123047,300.0
2020-06-15,2020,6,167,8.0,159.0,28.58,0.2164,0.0216,2.37,0.299,0.0226,91.5,0.385,0.0351,44.2,bigeye,0.1765306897259568,-4000.0,0.0,500.0,300.0
2020-07-15,2020,7,197,25.0,135.0,21.72,0.4618,-0.0654,5.24,0.113,0.0553,44.2,0.622,0.6508,31.4,bigeye,0.5502415090515675,-3999.757080078125,0.07064282894134521,500.0,300.0
2020-07-15,2020,7,197,19.0,143.0,24.65,0.3418,-0.0222,4.68,0.126,0.0604,144.5,0.637,0.2646,44.7,bigeye,0.7161744982340904,-3999.999755859375,0.0032532047480344772,500.0,300.0
2020-07-15,2020,7,197,13.0,151.0,26.99,0.2218,0.0146,2.71,0.241,0.055,141.2,0.41,0.0841,51.2,bigeye,0.7620789731870701,-3991.332275390625,0.31989002227783203,392.6949157714844,300.0
2020-07-15,2020,7,197,7.0,161.0,28.2,0.2218,0.0146,3.91,0.299,0.0132,70.4,0.624,0.044,46.5,bigeye,0.4084301633167393,-4000.0,0.0,500.0,300.0
2020-08-15,2020,8,228,27.0,131.0,20.4,0.4939,-0.0705,5.48,0.441,0.0859,40.5,0.612,0.8208,29.8,bigeye,0.794314491447233,-3996.429931640625,0.20245042443275452,500.0,300.0
2020-08-15,2020,8,228,21.0,139.0,23.48,0.3739,-0.0338,4.9,0.105,0.1173,127.9,0.631,0.3996,42.3,bigeye,0.6076728287849436,-3969.6162109375,1.722469449043274,500.0,300.0
2020-08-15,2020,8,228,15.0,147.0,26.5,0.2539,0.0094,4.33,0.2,0.0262,160.7,0.64,0.1117,49.6,bigeye,0.35674545446210304,-2204.69482421875,4.188150882720947,107.40596008300781,300.0
2020-08-15,2020,8,228,9.0,157.0,27.63,0.1739,0.0234,2.54,0.295,0.0103,103.3,0.395,0.0551,45.8,bigeye,0.8350871662757525,-4000.0,0.0,500.0,300.0
2020-09-15,2020,9,259,26.0,133.0,21.21,0.4709,-0.0555,5.34,0.426,0.1032,45.1,0.619,0.7187,27.5,bigeye,0.10850735946249734,-3971.32763671875,0.9623232483863831,500.0,300.0
2020-09-15,2020,9,259,20.0,141.0,24.16,0.3509,-0.015,4.78,0.113,0.0296,137.6,0.635,0.3166,40.6,bigeye,0.6027708126952257,-4000.0,0.0006317291408777237,500.0,300.0
2020-09-15,2020,9,259,14.0,149.0,26.78,0.2309,0.0255,2.76,0.221,0.0664,180.2,0.414,0.0946,47.1,bigeye,0.6444303578057587,-2848.885498046875,4.325674057006836,154.7679901123047,300.0
2020-09-15,2020,9,259,8.0,159.0,28.01,0.1909,0.0326,2.46,0.299,0.0175,60.8,0.389,0.0464,43.4,bigeye,0.21078935901085571,-4000.0,0.0,500.0,300.0
2020-10-15,2020,10,289,24.0,137.0,22.89,0.4302,-0.0294,5.05,0.105,0.0622,65.3,0.633,0.4861,25.2,bigeye,0.7636500576277174,-3912.952880859375,1.5607727766036987,500.0,300.0
2020-10-15,2020,10,289,18.0,145.0,25.48,0.3102,0.0155,4.54,0.141,0.0485,152.1,0.641,0.1865,38.4,bigeye,0.38016398838410137,-3999.060791015625,0.07385315746068954,462.1146240234375,300.0
2020-10-15,2020,10,289,12.0,153.0,27.54,0.1902,0.0476,2.61,0.259,0.0555,140.6,0.404,0.0597,44.7,bigeye,0.5042772303281603,-3999.999267578125,0.000332999334204942,500.0,300.0
2020-10-15,2020,10,289,7.0,163.0,28.8,0.2102,0.0446,3.82,0.299,0.0201,94.8,0.627,0.0305,40.1,bigeye,0.24374335729498456,-4000.0,0.0,500.0,300.0
2020-11-15,2020,11,320,25.0,135.0,23.45,0.45,-0.0204,4.98,0.113,0.0747,125.0,0.641,0.4172,22.6,bigeye,0.9492457538517817,-3999.757080078125,0.07064282894134521,500.0,300.0
2020-11-15,2020,11,320,19.0,143.0,25.6,0.33,0.0228,4.54,0.126,0.0625,121.4,0.645,0.18,35.8,bigeye,0.6532942265597563,-3999.999755859375,0.0032532047480344772,500.0,300.0
2020-11-15,2020,11,320,13.0,151.0,27.68,0.21,0.0596,2.61,0.241,0.0286,143.9,0.407,0.0576,41.2,bigeye,0.8710253475039077,-3991.332275390625,0.31989002227783203,392.6949157714844,300.0
2020-11-15,2020,11,320,8.0,161.0,29.33,0.19,0.0626,3.76,0.299,0.0178,90.2,0.632,0.0212,37.5,bigeye,0.13817197304598566,-4000.0,0.0,500.0,300.0
2020-12-15,2020,12,350,24.0,136.0,24.73,0.43,-0.0034,4.77,0.105,0.0895,80.1,0.651,0.2683,24.1,bigeye,0.7491263284934488,-3994.5859375,1.1953444480895996,500.0,300.0
2020-12-15,2020,12,350,18.0,144.0,26.42,0.31,0.0414,4.4,0.141,0.0331,114.9,0.648,0.1226,33.5,bigeye,0.3986795844382961,-3999.958251953125,0.007620806340128183,500.0,300.0
2020-12-15,2020,12,350,12.0,152.0,28.5,0.19,0.0735,2.47,0.259,0.0411,141.2,0.399,0.035,39.2,bigeye,0.5801786499199808,-3999.958251953125,0.0076246121898293495,500.0,300.0
2020-12-15,2020,12,350,7.0,162.0,30.51,0.21,0.0705,3.56,0.299,0.0221,40.9,0.63,0.01,35.6,bigeye,0.8429803853954175,-4000.0,0.0,500.0,300.0
2021-01-15,2021,1,15,26.0,134.0,24.95,0.4818,-0.0105,4.78,0.426,0.0835,69.2,0.659,0.2512,24.5,bigeye,0.16907766046234332,-3998.21728515625,0.20840080082416534,500.0,300.0
2021-01-15,2021,1,15,20.0,142.0,26.33,0.3618,0.03,4.45,0.113,0.0112,132.5,0.653,0.1332,37.1,bigeye,0.5520065814471817,-3999.999755859375,0.0032578192185610533,500.0,300.0
2021-01-15,2021,1,15,14.0,150.0,27.9,0.2418,0.0705,2.6,0.221,0.0512,119.4,0.409,0.0537,44.0,bigeye,0.842677833883725,-3696.569580078125,2.6439831256866455,242.32080078125,300.0
2021-02-15,2021,2,46,27.0,132.0,25.01,0.5164,-0.0186,4.79,0.441,0.0872,66.0,0.662,0.2469,26.3,bigeye,0.7737915049588697,-3996.429931640625,0.20245042443275452,500.0,300.0
2021-02-15,2021,2,46,21.0,140.0,26.29,0.3964,0.0182,4.48,0.105,0.1017,139.5,0.656,0.1383,39.7,bigeye,0.9270672731478767,-3999.933349609375,0.20347751677036285,500.0,300.0
2021-02-15,2021,2,46,15.0,148.0,27.5,0.2764,0.0613,4.18,0.2,0.0224,128.8,0.646,0.0697,45.8,bigeye,0.13489442578840394,-1200.0,0.0,0.0,300.0
2021-03-15,2021,3,74,25.0,136.0,25.19,0.4926,-0.0204,4.72,0.113,0.0903,80.9,0.658,0.2292,30.1,bigeye,0.21585708098714812,-3912.951904296875,1.6328835487365723,500.0,300.0
2021-03-15,2021,3,74,19.0,144.0,26.55,0.3726,0.0228,4.4,0.126,0.0603,215.6,0.652,0.1206,43.2,bigeye,0.8526289700019384,-3999.9892578125,0.014183931052684784,500.0,300.0
2021-03-15,2021,3,74,13.0,152.0,28.37,0.2526,0.0596,2.51,0.241,0.0614,156.9,0.403,0.0419,49.8,bigeye,0.6771121773762413,-3999.61376953125,0.03350391238927841,485.4700622558594,300.0
2021-04-15,2021,4,105,27.0,130.0,23.84,0.54,-0.0446,4.96,0.141,0.0991,67.8,0.65,0.3774,27.2,bigeye,0.3812452048982594,-3999.10986328125,0.1127578392624855,500.0,300.0
2021-04-15,2021,4,105,21.0,138.0,25.57,0.42,-0.0078,4.58,0.105,0.0737,133.6,0.65,0.1913,41.5,bigeye,0.8148181328012645,-3766.139404296875,2.133667230606079,500.0,300.0
2021-04-15,2021,4,105,15.0,146.0,27.25,0.3,0.0354,4.21,0.2,0.0345,142.8,0.645,0.0811,48.1,bigeye,0.7250092801781874,-3526.7626953125,3.1416728496551514,214.81137084960938,300.0
2021-05-15,2021,5,135,29.0,128.0,21.96,0.7726,-0.0644,5.29,0.179,0.0703,51.7,0.635,0.6428,22.5,bigeye,0.905789954864483,-4000.0,3.7101233374414733e-07,500.0,300.0
2021-05-15,2021,5,135,23.0,136.0,24.16,0.4526,-0.0377,4.84,0.101,0.1263,56.4,0.643,0.3322,35.3,bigeye,0.4827745670434983,-3999.997802734375,0.07002212107181549,500.0,300.0
2021-05-15,2021,5,135,17.0,144.0,26.3,0.3326,0.0077,4.4,0.159,0.0637,116.9,0.644,0.1323,44.5,bigeye,0.3909710376922927,-3999.61376953125,0.03350391238927841,481.8995666503906,300.0
2021-06-15,2021,6,166,26.0,132.0,21.99,0.4964,-0.0664,5.22,0.426,0.0706,83.3,0.628,0.6196,29.4,bigeye,0.8787803237561289,-3885.012451171875,1.6395710706710815,500.0,300.0
2021-06-15,2021,6,166,20.0,140.0,24.61,0.3764,-0.026,4.71,0.113,0.0206,107.8,0.639,0.2737,42.6,bigeye,0.3834494837051923,-3999.487060546875,0.2903289794921875,500.0,300.0
2021-06-15,2021,6,166,14.0,148.0,27.02,0.2564,0.0145,2.73,0.221,0.0357,155.8,0.413,0.0869,49.3,bigeye,0.22528513067600855,-2204.69482421875,4.002488136291504,111.1949234008789,300.0
2021-07-15,2021,7,196,25.0,134.0,21.71,0.4618,-0.0654,5.24,0.113,0.0654,74.9,0.622,0.6522,32.3,bigeye,0.6121646074040707,-3985.682373046875,0.5807504057884216,500.0,300.0
2021-07-15,2021,7,196,19.0,142.0,24.64,0.3418,-0.0222,4.68,0.126,0.0509,125.5,0.637,0.2649,45.5,bigeye,0.6757910328022487,-4000.0,7.849637768231332e-05,500.0,300.0
2021-07-15,2021,7,196,13.0,150.0,26.99,0.2218,0.0146,2.71,0.241,0.0929,146.9,0.41,0.0839,52.1,bigeye,0.6676294371463728,-3920.0166015625,1.3216480016708374,309.8613586425781,300.0
2021-08-15,2021,8,227,27.0,130.0,20.39,0.4939,-0.0705,5.48,0.141,0.0395,58.5,0.612,0.8222,30.6,bigeye,0.7325658566151221,-3999.10986328125,0.1127578392624855,500.0,300.0
2021-08-15,2021,8,227,21.0,138.0,23.47,0.3739,-0.0338,4.9,0.105,0.0668,135.5,0.631,0.4005,43.2,bigeye,0.5021849391710024,-3766.139404296875,2.133667230606079,500.0,300.0
2021-08-15,2021,8,227,15.0,146.0,26.5,0.2539,0.0094,4.33,0.2,0.0341,145.3,0.64,0.1116,50.4,bigeye,0.47034747869753024,-3526.7626953125,3.1416728496551514,214.81137084960938,300.0
2021-09-15,2021,9,258,26.0,132.0,21.2,0.4709,-0.0555,5.34,0.426,0.0901,78.8,0.619,0.7202,28.3,bigeye,0.6038960231896576,-3885.012451171875,1.6395710706710815,500.0,300.0
2021-09-15,2021,9,258,20.0,140.0,24.15,0.3509,-0.015,4.78,0.113,0.008,122.7,0.635,0.3171,41.4,bigeye,0.3027685534438283,-3999.487060546875,0.2903289794921875,500.0,300.0
2021-09-15,2021,9,258,14.0,148.0,26.78,0.2309,0.0255,2.76,0.221,0.0405,129.1,0.414,0.0944,47.8,bigeye,0.643736785048324,-2204.69482421875,4.002488136291504,111.1949234008789,300.0
2021-10-15,2021,10,288,24.0,136.0,22.88,0.4302,-0.0294,5.05,0.105,0.1153,89.7,0.633,0.4873,26.1,bigeye,0.6741322712024076,-3994.5859375,1.1953444480895996,500.0,300.0
2021-10-15,2021,10,288,18.0,144.0,25.47,0.3102,0.0155,4.54,0.141,0.0248,163.6,0.641,0.1866,39.2,bigeye,0.865861308536705,-3999.958251953125,0.007620806340128183,500.0,300.0
2021-10-15,2021,10,288,12.0,152.0,27.55,0.1902,0.0476,2.61,0.259,0.0924,144.7,0.404,0.0595,45.5,bigeye,0.8789943324011117,-3999.958251953125,0.0076246121898293495,500.0,300.0
2021-11-15,2021,11,319,25.0,134.0,23.44,0.45,-0.0204,4.98,0.113,0.0496,60.9,0.641,0.4185,23.4,bigeye,0.6957926268267509,-3985.682373046875,0.5807504057884216,500.0,300.0
2021-11-15,2021,11,319,19.0,142.0,25.6,0.33,0.0228,4.54,0.126,0.0753,124.4,0.645,0.1802,36.5,bigeye,0.7991267607625016,-4000.0,7.849637768231332e-05,500.0,300.0
2021-11-15,2021,11,319,13.0,150.0,27.69,0.21,0.0596,2.61,0.241,0.0589,149.7,0.407,0.0574,42.1,bigeye,0.4770426147228777,-3920.0166015625,1.3216480016708374,309.8613586425781,300.0
2021-12-15,2021,12,349,24.0,135.0,24.72,0.43,-0.0034,4.77,0.105,0.0615,80.4,0.651,0.2692,24.8,bigeye,0.7157369286210196,-3999.55419921875,0.046179722994565964,500.0,300.0
2021-12-15,2021,12,349,18.0,143.0,26.42,0.31,0.0414,4.4,0.141,0.0,124.8,0.648,0.1227,34.2,bigeye,0.8069769473643007,-3999.999267578125,0.00033376755891367793,500.0,300.0
2021-12-15,2021,12,349,12.0,151.0,28.51,0.19,0.0735,2.46,0.259,0.0449,99.1,0.399,0.0349,39.8,bigeye,0.7272552778208894,-3999.060791015625,0.07388076931238174,465.2566833496094,300.0
2019-01-15,2019,1,15,15.0,148.0,27.43,0.2618,0.0654,4.19,0.2,0.0599,144.8,0.485,0.8042,85.3,skipjack,0.8423180866536528,-1200.0,0.0,0.0,300.0
2019-01-15,2019,1,15,10.0,155.0,29.78,0.1618,0.08,2.23,0.287,0.0265,130.5,0.296,0.5243,102.6,skipjack,0.6306217673681552,-4000.0,0.0,500.0,300.0
2019-01-15,2019,1,15,7.0,162.0,31.13,0.2218,0.0746,3.47,0.299,0.0177,61.1,0.497,0.463,95.8,skipjack,0.23878125363660124,-4000.0,0.0,500.0,300.0
2019-01-15,2019,1,15,20.0,140.0,26.32,0.3618,0.03,4.45,0.113,0.0358,144.7,0.484,0.9122,62.4,skipjack,0.7556805942949679,-3999.487060546875,0.2903289794921875,500.0,300.0
2019-01-15,2019,1,15,5.5,170.0,31.74,0.2518,0.068,3.35,0.291,0.0153,65.6,0.496,0.4225,110.2,skipjack,0.726165422903989,-4000.0,0.0,500.0,300.0
2019-02-15,2019,2,46,12.0,150.0,28.99,0.2164,0.0735,2.39,0.259,0.0407,114.8,0.303,0.6551,92.1,skipjack,0.7712561895248153,-3991.332275390625,0.3161278963088989,397.5273742675781,300.0
2019-02-15,2019,2,46,8.0,158.0,30.91,0.2164,0.0735,2.02,0.299,0.0224,37.6,0.286,0.4801,108.5,skipjack,0.7301595872300869,-4000.0,0.0,500.0,300.0
2019-02-15,2019,2,46,6.0,165.0,31.82,0.2564,0.0664,3.35,0.295,0.0028,46.5,0.498,0.4171,115.3,skipjack,0.8723473500437725,-4000.0,0.0,500.0,300.0
2019-02-15,2019,2,46,18.0,142.0,26.9,0.3364,0.0414,4.33,0.141,0.0297,151.5,0.486,0.8843,68.7,skipjack,0.8859782564550631,-4000.0,6.0157776715641376e-06,500.0,300.0
2019-03-15,2019,3,74,14.0,148.0,27.91,0.2726,0.0555,2.59,0.221,0.0318,114.0,0.309,0.7881,88.6,skipjack,0.5948027054791646,-2204.69482421875,4.002488136291504,111.1949234008789,300.0
2019-03-15,2019,3,74,9.0,156.0,30.25,0.2126,0.0644,2.14,0.295,0.0347,83.0,0.292,0.5402,105.2,skipjack,0.9749506412580115,-4000.0,0.0,500.0,300.0
2019-03-15,2019,3,74,6.0,164.0,31.59,0.2726,0.0555,3.38,0.295,0.0207,29.3,0.497,0.4489,118.7,skipjack,0.7627032466341201,-4000.0,0.0,500.0,300.0
2019-03-15,2019,3,74,20.0,138.0,26.31,0.3926,0.015,4.45,0.113,0.0146,131.6,0.484,0.9277,60.3,skipjack,0.18276204659929485,-2200.0,0.035526618361473083,500.0,300.0
2019-04-15,2019,4,105,12.0,152.0,28.5,0.24,0.0476,2.47,0.259,0.027,131.6,0.304,0.7174,95.4,skipjack,0.9992169762513939,-3999.958251953125,0.0076246121898293495,500.0,300.0
2019-04-15,2019,4,105,8.0,160.0,30.11,0.24,0.0476,3.64,0.299,0.014,70.1,0.493,0.5768,112.8,skipjack,0.967656665810401,-4000.0,0.0,500.0,300.0
2019-04-15,2019,4,105,5.5,168.0,31.07,0.29,0.038,3.45,0.291,0.014,91.8,0.492,0.5121,125.1,skipjack,0.8000218520776041,-4000.0,0.0,500.0,300.0
2019-04-15,2019,4,105,18.0,144.0,26.42,0.36,0.0155,4.4,0.141,0.0497,124.1,0.481,0.9097,72.5,skipjack,0.10408821812874618,-3999.958251953125,0.007620806340128183,500.0,300.0
2019-05-15,2019,5,135,10.0,154.0,28.71,0.1926,0.035,2.39,0.287,0.0282,75.6,0.299,0.648,98.7,skipjack,0.6578836973895217,-4000.0,0.0,500.0,300.0
2019-05-15,2019,5,135,7.0,162.0,29.66,0.2526,0.0296,3.69,0.299,0.0221,26.6,0.486,0.6303,116.3,skipjack,0.9305696376960532,-4000.0,0.0,500.0,300.0
2019-05-15,2019,5,135,5.5,170.0,30.07,0.2826,0.023,3.6,0.291,0.0067,58.7,0.486,0.6114,128.5,skipjack,0.5771430728863577,-4000.0,0.0,500.0,300.0
2019-05-15,2019,5,135,16.0,146.0,26.65,0.3126,0.0144,4.32,0.179,0.0648,153.3,0.479,0.8749,78.2,skipjack,0.10631436580119044,-3696.569580078125,2.6439831256866455,241.42852783203125,300.0
2019-06-15,2019,6,166,12.0,150.0,27.56,0.2164,0.0216,2.61,0.259,0.0477,118.1,0.304,0.7478,105.6,skipjack,0.206588687439474,-3991.332275390625,0.3161278963088989,397.5273742675781,300.0
2019-06-15,2019,6,166,8.0,158.0,28.59,0.2164,0.0216,2.37,0.299,0.0052,61.5,0.294,0.6854,122.4,skipjack,0.6064298876235706,-4000.0,0.0,500.0,300.0
2019-06-15,2019,6,166,6.0,166.0,29.03,0.2564,0.0145,3.77,0.295,0.0154,78.9,0.479,0.6903,135.8,skipjack,0.9915975079164663,-4000.0,0.0,500.0,300.0
2019-06-15,2019,6,166,18.0,142.0,25.47,0.3364,-0.0105,4.54,0.141,0.0569,110.0,0.47,0.8937,82.1,skipjack,0.3670317422014945,-4000.0,6.0157776715641376e-06,500.0,300.0
2019-07-15,2019,7,196,10.0,154.0,27.62,0.1618,0.02,2.56,0.287,0.0232,92.3,0.3,0.6651,110.3,skipjack,0.578258686699195,-4000.0,0.0,500.0,300.0
2019-07-15,2019,7,196,7.0,162.0,28.19,0.2218,0.0146,3.91,0.299,0.0132,78.0,0.474,0.719,128.7,skipjack,0.8041496332829077,-4000.0,0.0,500.0,300.0
2019-07-15,2019,7,196,5.5,170.0,28.41,0.2518,0.008,3.85,0.291,0.0303,73.4,0.472,0.7356,140.2,skipjack,0.9953963731976941,-4000.0,0.0,500.0,300.0
2019-07-15,2019,7,196,15.0,148.0,26.56,0.2618,0.0054,4.32,0.2,0.0332,141.4,0.476,0.8329,92.5,skipjack,0.9777315151120223,-1200.0,0.0,0.0,300.0
2019-08-15,2019,8,227,11.0,152.0,27.27,0.1739,0.0234,2.63,0.274,0.0566,131.9,0.302,0.6992,108.9,skipjack,0.49674452789665113,-3999.998046875,0.001904190517961979,500.0,300.0
2019-08-15,2019,8,227,8.0,160.0,27.79,0.1939,0.0216,3.99,0.299,0.0152,72.2,0.473,0.7067,125.6,skipjack,0.10108618765498267,-4000.0,0.0,500.0,300.0
2019-08-15,2019,8,227,6.0,168.0,28.08,0.2339,0.0145,3.91,0.295,0.0089,33.9,0.47,0.7396,138.1,skipjack,0.16953485973454546,-4000.0,0.0,500.0,300.0
2019-08-15,2019,8,227,16.0,146.0,26.0,0.2739,0.0034,4.42,0.179,0.0663,177.0,0.472,0.85,88.4,skipjack,0.9558726829135042,-3696.569580078125,2.6439831256866455,241.42852783203125,300.0
2019-09-15,2019,9,258,12.0,150.0,27.21,0.1909,0.0326,2.66,0.259,0.0486,144.2,0.304,0.7278,102.3,skipjack,0.8405855251447821,-3991.332275390625,0.3161278963088989,397.5273742675781,300.0
2019-09-15,2019,9,258,9.0,157.0,27.81,0.1709,0.0344,2.51,0.295,0.0236,74.7,0.297,0.6711,118.5,skipjack,0.5316242148337638,-4000.0,0.0,500.0,300.0
2019-09-15,2019,9,258,6.0,165.0,28.37,0.2309,0.0255,3.86,0.295,0.0236,88.5,0.473,0.7172,130.2,skipjack,0.5531437312074869,-4000.0,0.0,500.0,300.0
2019-09-15,2019,9,258,18.0,142.0,25.12,0.3109,0.0005,4.59,0.141,0.0493,176.5,0.465,0.8674,78.6,skipjack,0.7728158344185728,-4000.0,6.0157776715641376e-06,500.0,300.0
2019-10-15,2019,10,288,10.0,155.0,28.07,0.1502,0.05,2.49,0.287,0.0,116.4,0.3,0.623,95.8,skipjack,0.17687504345150093,-4000.0,0.0,500.0,300.0
2019-10-15,2019,10,288,7.0,163.0,28.8,0.2102,0.0446,3.82,0.299,0.0209,59.8,0.479,0.6627,110.4,skipjack,0.8159861617998035,-4000.0,0.0,500.0,300.0
2019-10-15,2019,10,288,5.5,171.0,29.1,0.4402,0.038,3.75,0.291,0.0209,15.0,0.478,0.7795,122.7,skipjack,0.2926357371869643,-4000.0,0.0,500.0,300.0
2019-10-15,2019,10,288,16.0,147.0,26.32,0.2702,0.0294,4.37,0.179,0.0456,157.0,0.475,0.8447,74.3,skipjack,0.6012153896557539,-2848.885498046875,4.325674057006836,154.41900634765625,300.0
2019-11-15,2019,11,319,12.0,150.0,28.04,0.19,0.0626,2.53,0.259,0.0796,113.7,0.304,0.6878,88.5,skipjack,0.3778424302441913,-3991.332275390625,0.3161278963088989,397.5273742675781,300.0
2019-11-15,2019,11,319,8.0,158.0,29.36,0.19,0.0626,2.26,0.299,0.0119,65.9,0.292,0.5942,105.2,skipjack,0.984660696557501,-4000.0,0.0,500.0,300.0
2019-11-15,2019,11,319,6.0,166.0,29.96,0.23,0.0555,3.63,0.295,0.0292,64.4,0.486,0.5835,115.8,skipjack,0.6269345031548077,-4000.0,0.0,500.0,300.0
2019-11-15,2019,11,319,15.0,148.0,27.0,0.25,0.0504,4.25,0.2,0.0394,157.8,0.481,0.8095,70.1,skipjack,0.6107382481890644,-1200.0,0.0,0.0,300.0
2019-12-15,2019,12,349,10.0,154.0,29.33,0.15,0.076,2.3,0.287,0.021,119.4,0.298,0.542,82.3,skipjack,0.6800255111051364,-4000.0,0.0,500.0,300.0
2019-12-15,2019,12,349,7.0,162.0,30.51,0.21,0.0705,3.56,0.299,0.013,59.2,0.493,0.5131,98.7,skipjack,0.9820932092279462,-4000.0,0.0,500.0,300.0
2019-12-15,2019,12,349,5.5,170.0,31.04,0.24,0.064,3.45,0.291,0.0161,25.5,0.492,0.4855,108.5,skipjack,0.5905959737042484,-4000.0,0.0,500.0,300.0
2019-12-15,2019,12,349,14.0,149.0,27.67,0.23,0.0664,2.63,0.221,0.0559,147.4,0.309,0.7589,68.2,skipjack,0.9780024150049925,-2848.885498046875,4.325674057006836,154.7679901123047,300.0
2020-01-15,2020,1,15,12.0,150.0,28.86,0.2018,0.0776,2.41,0.259,0.0501,119.4,0.304,0.6483,87.5,skipjack,0.3122530922022839,-3991.332275390625,0.3161278963088989,397.5273742675781,300.0
2020-01-15,2020,1,15,8.0,158.0,30.71,0.2018,0.0776,2.05,0.299,0.0058,67.5,0.287,0.4874,104.8,skipjack,0.7190993964501076,-4000.0,0.0,500.0,300.0
2020-01-15,2020,1,15,6.0,165.0,31.57,0.2418,0.0705,3.38,0.295,0.0166,41.7,0.497,0.4335,112.3,skipjack,0.6371796848556109,-4000.0,0.0,500.0,300.0
2020-01-15,2020,1,15,16.0,145.0,27.21,0.2818,0.0594,4.24,0.179,0.0468,158.0,0.485,0.832,65.1,skipjack,0.48663014769038593,-3967.117919921875,0.6824870705604553,340.1339111328125,300.0
2020-02-15,2020,2,46,10.0,153.0,29.97,0.1764,0.076,2.21,0.287,0.0389,103.5,0.296,0.5273,93.2,skipjack,0.6614770514534453,-4000.0,0.00022494398581329733,500.0,300.0
2020-02-15,2020,2,46,7.0,161.0,31.38,0.2364,0.0705,3.43,0.299,0.0226,64.3,0.499,0.4494,110.6,skipjack,0.4163806092486598,-4000.0,0.0,500.0,300.0
2020-02-15,2020,2,46,5.5,169.0,32.01,0.2664,0.064,3.31,0.291,0.0008,54.2,0.498,0.4029,118.4,skipjack,0.5072971412390622,-4000.0,0.0,500.0,300.0
2020-02-15,2020,2,46,14.0,148.0,28.0,0.2564,0.0664,2.58,0.221,0.0512,191.5,0.309,0.7678,72.8,skipjack,0.41941025606513893,-2204.69482421875,4.002488136291504,111.1949234008789,300.0
2020-03-15,2020,3,75,11.0,151.0,29.33,0.2126,0.0644,2.32,0.274,0.0462,118.5,0.3,0.6225,90.6,skipjack,0.7132984386211809,-3999.95751953125,0.015755483880639076,500.0,300.0
2020-03-15,2020,3,75,8.0,159.0,30.69,0.2326,0.0626,2.06,0.299,0.0197,52.5,0.287,0.5142,107.2,skipjack,0.40341017811539426,-4000.0,0.0,500.0,300.0
2020-03-15,2020,3,75,6.0,167.0,31.54,0.2726,0.0555,3.39,0.295,0.0314,72.8,0.497,0.4533,120.5,skipjack,0.9376797378294441,-4000.0,0.0,500.0,300.0
2020-03-15,2020,3,75,17.0,143.0,26.99,0.3326,0.0377,4.29,0.159,0.0658,130.9,0.485,0.8787,68.4,skipjack,0.9100772187648635,-3999.992919921875,0.0014721396146342158,500.0,300.0
2020-04-15,2020,4,106,12.0,150.0,28.51,0.24,0.0476,2.46,0.259,0.0781,96.1,0.304,0.7165,97.8,skipjack,0.3511274767643403,-3991.332275390625,0.3161278963088989,397.5273742675781,300.0
2020-04-15,2020,4,106,8.0,158.0,30.14,0.24,0.0476,2.14,0.299,0.0259,119.7,0.29,0.5744,115.3,skipjack,0.7672016289176132,-4000.0,0.0,500.0,300.0
2020-04-15,2020,4,106,5.5,166.0,31.09,0.29,0.038,3.45,0.291,0.0101,43.4,0.493,0.509,127.6,skipjack,0.533166708601722,-4000.0,0.0,500.0,300.0
2020-04-15,2020,4,106,15.0,147.0,27.25,0.3,0.0354,4.21,0.2,0.052,137.5,0.483,0.8454,75.2,skipjack,0.9470591021012589,-2204.69482421875,4.188150882720947,107.40596008300781,300.0
2020-05-15,2020,5,136,10.0,154.0,28.71,0.1926,0.035,2.39,0.287,0.0045,101.4,0.299,0.648,100.5,skipjack,0.495745149481868,-4000.0,0.0,500.0,300.0
2020-05-15,2020,5,136,7.0,162.0,29.66,0.2526,0.0296,3.69,0.299,0.0094,75.2,0.486,0.6303,118.8,skipjack,0.32963151570106664,-4000.0,0.0,500.0,300.0
2020-05-15,2020,5,136,5.5,170.0,30.07,0.2826,0.023,3.6,0.291,0.0108,85.8,0.486,0.6114,130.2,skipjack,0.9283803645846763,-4000.0,0.0,500.0,300.0
2020-05-15,2020,5,136,14.0,149.0,27.34,0.2726,0.0255,2.68,0.221,0.0343,135.8,0.309,0.8182,80.6,skipjack,0.9665916018035494,-2848.885498046875,4.325674057006836,154.7679901123047,300.0
2020-06-15,2020,6,167,11.0,152.0,27.82,0.1964,0.0234,2.55,0.274,0.0663,87.8,0.302,0.7084,107.3,skipjack,0.28971790548097137,-3999.998046875,0.001904190517961979,500.0,300.0
2020-06-15,2020,6,167,8.0,160.0,28.56,0.2164,0.0216,3.88,0.299,0.0223,102.1,0.48,0.6872,124.5,skipjack,0.7087934244244775,-4000.0,0.0,500.0,300.0
2020-06-15,2020,6,167,6.0,168.0,29.0,0.2564,0.0145,3.77,0.295,0.0039,61.5,0.478,0.6928,137.8,skipjack,0.7222990546760212,-4000.0,0.0,500.0,300.0
2020-06-15,2020,6,167,16.0,146.0,26.32,0.2964,0.0034,4.37,0.179,0.0552,165.5,0.475,0.8679,84.2,skipjack,0.43165828695341313,-3696.569580078125,2.6439831256866455,241.42852783203125,300.0
2020-07-15,2020,7,197,10.0,154.0,27.62,0.1618,0.02,2.56,0.287,0.0076,73.6,0.3,0.6651,112.6,skipjack,0.7590839856589945,-4000.0,0.0,500.0,300.0
2020-07-15,2020,7,197,7.0,162.0,28.19,0.2218,0.0146,3.91,0.299,0.0252,71.7,0.474,0.719,130.1,skipjack,0.21071038286829724,-4000.0,0.0,500.0,300.0
2020-07-15,2020,7,197,5.5,170.0,28.41,0.2518,0.008,3.85,0.291,0.0225,61.7,0.472,0.7356,142.5,skipjack,0.17817917560280216,-4000.0,0.0,500.0,300.0
2020-07-15,2020,7,197,14.0,149.0,26.78,0.2418,0.0105,2.76,0.221,0.0364,146.9,0.309,0.8069,94.3,skipjack,0.6065254744476954,-2848.885498046875,4.325674057006836,154.7679901123047,300.0
2020-08-15,2020,8,228,12.0,150.0,27.09,0.1939,0.0216,2.68,0.259,0.0559,109.8,0.304,0.7364,110.2,skipjack,0.15467775311700446,-3991.332275390625,0.3161278963088989,397.5273742675781,300.0
2020-08-15,2020,8,228,8.0,158.0,27.81,0.1939,0.0216,2.49,0.299,0.0387,85.4,0.295,0.7054,127.8,skipjack,0.8807874982720973,-4000.0,0.0,500.0,300.0
2020-08-15,2020,8,228,6.0,166.0,28.11,0.2339,0.0145,3.9,0.295,0.0081,70.9,0.471,0.7378,140.1,skipjack,0.3954634653934027,-4000.0,0.0,500.0,300.0
2020-08-15,2020,8,228,16.0,146.0,26.0,0.2739,0.0034,4.42,0.179,0.0305,165.6,0.472,0.85,90.5,skipjack,0.18945863827993334,-3696.569580078125,2.6439831256866455,241.42852783203125,300.0
2020-09-15,2020,9,259,10.0,155.0,27.61,0.1509,0.035,2.56,0.287,0.0316,83.6,0.3,0.6462,104.6,skipjack,0.33616640815797943,-4000.0,0.0,500.0,300.0
2020-09-15,2020,9,259,7.0,163.0,28.18,0.2109,0.0296,3.91,0.299,0.0296,74.0,0.474,0.7069,120.3,skipjack,0.9865425958680365,-4000.0,0.0,500.0,300.0
2020-09-15,2020,9,259,5.5,171.0,28.39,0.4409,0.023,3.85,0.291,0.0282,92.7,0.472,0.8438,132.5,skipjack,0.9401217640446501,-4000.0,0.0,500.0,300.0
2020-09-15,2020,9,259,15.0,148.0,26.56,0.2509,0.0204,4.32,0.2,0.0451,132.5,0.476,0.8217,80.2,skipjack,0.9315540563340173,-1200.0,0.0,0.0,300.0
2020-10-15,2020,10,289,12.0,152.0,27.55,0.1902,0.0476,2.61,0.259,0.0322,107.8,0.304,0.713,97.3,skipjack,0.9014110937400958,-3999.958251953125,0.0076246121898293495,500.0,300.0
2020-10-15,2020,10,289,8.0,160.0,28.56,0.1902,0.0476,3.88,0.299,0.0192,82.7,0.48,0.6548,112.8,skipjack,0.7862736388909154,-4000.0,0.0,500.0,300.0
2020-10-15,2020,10,289,6.0,168.0,29.0,0.2302,0.0405,3.77,0.295,0.0228,74.3,0.478,0.6683,124.5,skipjack,0.37966129977026786,-4000.0,0.0,500.0,300.0
2020-10-15,2020,10,289,14.0,149.0,27.02,0.2302,0.0405,2.73,0.221,0.0503,171.3,0.309,0.7865,76.8,skipjack,0.5930341742342077,-2848.885498046875,4.325674057006836,154.7679901123047,300.0
2020-11-15,2020,11,320,10.0,154.0,28.71,0.15,0.065,2.39,0.287,0.0174,154.4,0.299,0.5854,90.5,skipjack,0.9992041421088721,-4000.0,0.0,500.0,300.0
2020-11-15,2020,11,320,7.0,162.0,29.66,0.21,0.0596,3.69,0.299,0.0263,48.6,0.486,0.5912,106.2,skipjack,0.18318003589099285,-4000.0,0.0,500.0,300.0
2020-11-15,2020,11,320,5.5,170.0,30.07,0.24,0.053,3.6,0.291,0.0093,64.4,0.486,0.5807,117.8,skipjack,0.9596604768122206,-4000.0,0.0,500.0,300.0
2020-11-15,2020,11,320,16.0,146.0,26.65,0.27,0.0444,4.32,0.179,0.0455,164.2,0.479,0.8391,72.3,skipjack,0.33815063572691073,-3696.569580078125,2.6439831256866455,241.42852783203125,300.0
2020-12-15,2020,12,350,11.0,152.0,28.92,0.17,0.0754,2.38,0.274,0.0595,111.0,0.301,0.6015,84.2,skipjack,0.40742302668721797,-3999.998046875,0.001904190517961979,500.0,300.0
2020-12-15,2020,12,350,8.0,160.0,30.11,0.19,0.0735,3.64,0.299,0.0115,45.6,0.493,0.5299,100.5,skipjack,0.6539020255446293,-4000.0,0.0,500.0,300.0
2020-12-15,2020,12,350,6.0,168.0,30.85,0.23,0.0664,3.49,0.295,0.0155,74.9,0.492,0.4967,110.3,skipjack,0.3998818877799182,-4000.0,0.0,500.0,300.0
2020-12-15,2020,12,350,14.0,149.0,27.67,0.23,0.0664,2.63,0.221,0.0543,117.3,0.309,0.7589,70.1,skipjack,0.5916762470085971,-2848.885498046875,4.325674057006836,154.7679901123047,300.0
2021-01-15,2021,1,15,10.0,155.0,29.78,0.1618,0.08,2.23,0.287,0.0217,107.7,0.296,0.5243,89.3,skipjack,0.6082460836664065,-4000.0,0.0,500.0,300.0
2021-01-15,2021,1,15,7.0,163.0,31.12,0.2218,0.0746,3.47,0.299,0.0112,68.8,0.497,0.4643,106.5,skipjack,0.6071780167204982,-4000.0,0.0,500.0,300.0
2021-01-15,2021,1,15,5.5,171.0,31.73,0.4518,0.068,3.35,0.291,0.0206,31.9,0.496,0.4873,114.2,skipjack,0.8801028006918051,-4000.0,0.0,500.0,300.0
2021-02-15,2021,2,46,12.0,150.0,28.99,0.2164,0.0735,2.39,0.259,0.0572,135.3,0.303,0.6551,94.8,skipjack,0.5035366671557748,-3991.332275390625,0.3161278963088989,397.5273742675781,300.0
2021-02-15,2021,2,46,8.0,158.0,30.91,0.2164,0.0735,2.02,0.299,0.0308,97.0,0.286,0.4801,112.1,skipjack,0.9002482226858898,-4000.0,0.0,500.0,300.0
2021-02-15,2021,2,46,6.0,166.0,31.81,0.2564,0.0664,3.35,0.295,0.0062,39.0,0.498,0.4185,120.5,skipjack,0.23841180624253794,-4000.0,0.0,500.0,300.0
2021-03-15,2021,3,74,10.0,154.0,29.79,0.1926,0.065,2.23,0.287,0.0252,110.3,0.296,0.5614,92.5,skipjack,0.3904584181676971,-4000.0,0.0,500.0,300.0
2021-03-15,2021,3,74,7.0,162.0,31.13,0.2526,0.0596,3.47,0.299,0.0252,142.8,0.497,0.4839,109.8,skipjack,0.2855963680591752,-4000.0,0.0,500.0,300.0
2021-03-15,2021,3,74,5.5,170.0,31.74,0.2826,0.053,3.35,0.291,0.0257,77.5,0.496,0.4378,122.3,skipjack,0.8444044140886436,-4000.0,0.0,500.0,300.0
2021-04-15,2021,4,105,11.0,152.0,28.92,0.22,0.0494,2.38,0.274,0.0691,125.5,0.301,0.6641,99.6,skipjack,0.3199385085185217,-3999.998046875,0.001904190517961979,500.0,300.0
2021-04-15,2021,4,105,8.0,160.0,30.11,0.24,0.0476,3.64,0.299,0.0168,91.1,0.493,0.5768,117.2,skipjack,0.2660230256856515,-4000.0,0.0,500.0,300.0
2021-04-15,2021,4,105,6.0,168.0,30.85,0.28,0.0405,3.49,0.295,0.0123,53.0,0.492,0.5291,129.5,skipjack,0.12234977100012638,-4000.0,0.0,500.0,300.0
2021-05-15,2021,5,135,10.0,155.0,28.7,0.1926,0.035,2.4,0.287,0.0151,101.6,0.299,0.6487,102.8,skipjack,0.9779034646422018,-4000.0,0.0,500.0,300.0
2021-05-15,2021,5,135,7.0,163.0,29.65,0.2526,0.0296,3.69,0.299,0.0431,28.4,0.486,0.6316,120.5,skipjack,0.2845171530861327,-4000.0,0.0,500.0,300.0
2021-05-15,2021,5,135,5.5,171.0,30.06,0.4826,0.023,3.6,0.291,0.0269,22.5,0.486,0.6862,132.8,skipjack,0.907543836077999,-4000.0,0.0,500.0,300.0
2021-06-15,2021,6,166,12.0,150.0,27.56,0.2164,0.0216,2.61,0.259,0.0406,145.9,0.304,0.7478,109.5,skipjack,0.3094541300949728,-3991.332275390625,0.3161278963088989,397.5273742675781,300.0
2021-06-15,2021,6,166,8.0,158.0,28.59,0.2164,0.0216,2.37,0.299,0.0206,54.4,0.294,0.6854,126.8,skipjack,0.849136772911647,-4000.0,0.0,500.0,300.0
2021-06-15,2021,6,166,6.0,166.0,29.03,0.2564,0.0145,3.77,0.295,0.0128,71.4,0.479,0.6903,139.2,skipjack,0.4867690398441592,-4000.0,0.0,500.0,300.0
2021-07-15,2021,7,196,10.0,154.0,27.62,0.1618,0.02,2.56,0.287,0.0127,104.3,0.3,0.6651,114.8,skipjack,0.42019913477714477,-4000.0,0.0,500.0,300.0
2021-07-15,2021,7,196,7.0,162.0,28.19,0.2218,0.0146,3.91,0.299,0.0205,52.7,0.474,0.719,132.4,skipjack,0.7993683894748602,-4000.0,0.0,500.0,300.0
2021-07-15,2021,7,196,5.5,170.0,28.41,0.2518,0.008,3.85,0.291,0.0414,67.4,0.472,0.7356,144.6,skipjack,0.4795107547109576,-4000.0,0.0,500.0,300.0
2021-08-15,2021,8,227,11.0,152.0,27.27,0.1739,0.0234,2.63,0.274,0.0095,116.2,0.302,0.6992,112.3,skipjack,0.8899187833677297,-3999.998046875,0.001904190517961979,500.0,300.0
2021-08-15,2021,8,227,8.0,160.0,27.79,0.1939,0.0216,3.99,0.299,0.0134,93.0,0.473,0.7067,129.5,skipjack,0.9442466664459673,-4000.0,0.0,500.0,300.0
2021-08-15,2021,8,227,6.0,168.0,28.08,0.2339,0.0145,3.91,0.295,0.0121,55.5,0.47,0.7396,141.8,skipjack,0.5299686288546956,-4000.0,0.0,500.0,300.0
2021-09-15,2021,9,258,10.0,155.0,27.61,0.1509,0.035,2.56,0.287,0.025,117.3,0.3,0.6462,106.2,skipjack,0.9995881350801862,-4000.0,0.0,500.0,300.0
2021-09-15,2021,9,258,7.0,163.0,28.18,0.2109,0.0296,3.91,0.299,0.008,59.1,0.474,0.7069,122.5,skipjack,0.9838351387923849,-4000.0,0.0,500.0,300.0
2021-09-15,2021,9,258,5.5,171.0,28.39,0.4409,0.023,3.85,0.291,0.0153,41.7,0.472,0.8438,134.1,skipjack,0.6313211813997613,-4000.0,0.0,500.0,300.0
2021-10-15,2021,10,288,12.0,152.0,27.55,0.1902,0.0476,2.61,0.259,0.0853,132.2,0.304,0.713,99.5,skipjack,0.6664173096081496,-3999.958251953125,0.0076246121898293495,500.0,300.0
2021-10-15,2021,10,288,8.0,160.0,28.56,0.1902,0.0476,3.88,0.299,0.0074,94.3,0.48,0.6548,114.8,skipjack,0.4777610143843426,-4000.0,0.0,500.0,300.0
2021-10-15,2021,10,288,6.0,168.0,29.0,0.2302,0.0405,3.77,0.295,0.0412,78.4,0.478,0.6683,126.3,skipjack,0.7248673335819469,-4000.0,0.0,500.0,300.0
2021-11-15,2021,11,319,10.0,154.0,28.71,0.15,0.065,2.39,0.287,0.0048,90.3,0.299,0.5854,92.1,skipjack,0.5394062240865309,-4000.0,0.0,500.0,300.0
2021-11-15,2021,11,319,7.0,162.0,29.66,0.21,0.0596,3.69,0.299,0.0327,51.6,0.486,0.5912,108.5,skipjack,0.6501406882103252,-4000.0,0.0,500.0,300.0
2021-11-15,2021,11,319,5.5,170.0,30.07,0.24,0.053,3.6,0.291,0.0244,70.3,0.486,0.5807,119.8,skipjack,0.6708831680630022,-4000.0,0.0,500.0,300.0
2021-12-15,2021,12,349,11.0,152.0,28.92,0.17,0.0754,2.38,0.274,0.0315,111.2,0.301,0.6015,86.4,skipjack,0.7702701010674228,-3999.998046875,0.001904190517961979,500.0,300.0
2021-12-15,2021,12,349,8.0,160.0,30.11,0.19,0.0735,3.64,0.299,0.0,55.4,0.493,0.5299,102.3,skipjack,0.7096451227085575,-4000.0,0.0,500.0,300.0
2021-12-15,2021,12,349,6.0,168.0,30.85,0.23,0.0664,3.49,0.295,0.0175,32.8,0.492,0.4967,112.5,skipjack,0.7112875871131283,-4000.0,0.0,500.0,300.0
2019-01-15,2019,1,15,32.0,140.0,23.68,0.6018,-0.0176,5.09,0.541,0.025,63.0,0.6,0.6745,28.5,albacore,0.12537163813033683,-3954.2109375,1.320077896118164,500.0,300.0
2019-01-15,2019,1,15,28.0,145.0,24.57,0.5218,-0.0176,4.87,0.459,0.093,81.3,0.601,0.5426,35.2,albacore,0.9315164767586391,-3999.92236328125,0.07026319205760956,500.0,300.0
2019-01-15,2019,1,15,25.0,150.0,25.22,0.4618,-0.0054,4.72,0.113,0.0753,65.9,0.6,0.4482,30.8,albacore,0.9513539097036198,-4000.0,0.0,500.0,300.0
2019-01-15,2019,1,15,22.0,155.0,25.84,0.4018,0.0145,4.56,0.101,0.1116,121.6,0.599,0.362,22.4,albacore,0.3982257459795173,-4000.0,0.0,500.0,300.0
2019-02-15,2019,2,46,33.0,138.0,23.87,0.6364,-0.0186,5.08,0.559,0.0153,86.8,0.605,0.6498,30.1,albacore,0.8835493996406203,-3999.994384765625,0.013508989475667477,500.0,300.0
2019-02-15,2019,2,46,29.0,143.0,24.7,0.5564,-0.0234,4.88,0.479,0.0707,40.8,0.605,0.5286,37.5,albacore,0.8871057588155116,-3959.65478515625,1.5464833974838257,500.0,300.0
2019-02-15,2019,2,46,26.0,148.0,25.3,0.4964,-0.0145,4.73,0.426,0.0848,23.2,0.604,0.4425,33.2,albacore,0.45724920489168086,-4000.0,1.8550616687207366e-07,500.0,300.0
2019-02-15,2019,2,46,22.0,153.0,26.07,0.4164,0.0105,4.53,0.101,0.0455,95.0,0.601,0.3381,24.6,albacore,0.11190702118082627,-4000.0,0.0,500.0,300.0
2019-03-15,2019,3,74,34.0,136.0,23.21,0.6726,-0.0255,5.2,0.574,0.0099,93.9,0.599,0.7429,32.8,albacore,0.9132302140199764,-4000.0,0.0,500.0,300.0
2019-03-15,2019,3,74,30.0,142.0,24.13,0.5926,-0.035,4.98,0.5,0.0109,24.2,0.6,0.6112,40.2,albacore,0.2321381824181163,-3954.13330078125,1.357190728187561,500.0,300.0
2019-03-15,2019,3,74,27.0,147.0,24.79,0.5326,-0.0296,4.82,0.441,0.1093,50.2,0.601,0.5138,36.5,albacore,0.9243013850197043,-4000.0,0.0,500.0,300.0
2019-03-15,2019,3,74,23.0,152.0,25.65,0.4526,-0.0077,4.61,0.101,0.0814,65.2,0.6,0.3928,27.1,albacore,0.7150996573223709,-4000.0,0.0,500.0,300.0
2019-04-15,2019,4,105,35.0,135.0,21.7,0.7,-0.0354,5.45,0.287,0.0146,102.2,0.581,0.9144,35.4,albacore,0.614983366956068,-4000.0,0.0,500.0,300.0
2019-04-15,2019,4,105,31.0,140.0,22.84,0.62,-0.0494,5.19,0.521,0.0085,65.3,0.587,0.787,42.8,albacore,0.7810441310227991,-3080.301513671875,3.519994020462036,500.0,300.0
2019-04-15,2019,4,105,28.0,145.0,23.68,0.56,-0.0476,5.01,0.459,0.068,45.1,0.59,0.6709,38.1,albacore,0.5121592557330531,-3999.92236328125,0.07026319205760956,500.0,300.0
2019-04-15,2019,4,105,24.0,150.0,24.76,0.48,-0.0294,4.77,0.105,0.068,118.6,0.593,0.5114,29.5,albacore,0.3458400647744668,-4000.0,0.0,500.0,300.0
2019-05-15,2019,5,135,34.0,137.0,20.32,0.6726,-0.0555,5.63,0.574,0.0199,66.4,0.56,0.986,38.6,albacore,0.9915374132827048,-4000.0,4.266642008587951e-06,500.0,300.0
2019-05-15,2019,5,135,30.0,142.0,21.75,0.5926,-0.065,5.34,0.5,0.0282,28.0,0.571,0.9014,45.3,albacore,0.9874698767202272,-3954.13330078125,1.357190728187561,500.0,300.0
2019-05-15,2019,5,135,27.0,148.0,22.8,0.5326,-0.0596,5.12,0.441,0.0842,15.6,0.577,0.7821,40.7,albacore,0.989925038423255,-4000.0,0.0,500.0,300.0
2019-05-15,2019,5,135,23.0,153.0,24.17,0.4526,-0.0377,4.84,0.101,0.0534,97.7,0.584,0.588,31.2,albacore,0.8420925155385116,-4000.0,0.0,500.0,300.0
2019-06-15,2019,6,166,33.0,139.0,19.08,0.6364,-0.0705,5.8,0.559,0.0274,79.3,0.541,0.9628,36.2,albacore,0.43565297673757497,-3999.886474609375,0.049029409885406494,500.0,300.0
2019-06-15,2019,6,166,29.0,144.0,20.8,0.5564,-0.0754,5.46,0.479,0.0777,44.1,0.556,0.9586,43.8,albacore,0.5358629660663332,-3998.232421875,0.7569485902786255,500.0,300.0
2019-06-15,2019,6,166,26.0,150.0,22.06,0.4964,-0.0664,5.21,0.126,0.0504,47.1,0.566,0.8568,38.5,albacore,0.24876032821521096,-4000.0,0.0,500.0,300.0
2019-06-15,2019,6,166,22.0,155.0,23.72,0.4164,-0.0414,4.88,0.101,0.0708,127.4,0.577,0.6394,28.7,albacore,0.7695310893073227,-4000.0,0.0,500.0,300.0
2019-07-15,2019,7,196,32.0,141.0,18.4,0.6018,-0.0776,5.88,0.541,0.0234,30.5,0.53,0.9146,33.5,albacore,0.7739900034281004,-3983.155029296875,1.0069061517715454,500.0,300.0
2019-07-15,2019,7,196,28.0,146.0,20.33,0.5218,-0.0776,5.51,0.459,0.0865,43.2,0.548,0.9667,40.1,albacore,0.38517786105074536,-4000.0,0.0001355491258436814,500.0,300.0
2019-07-15,2019,7,196,25.0,152.0,21.74,0.4618,-0.0654,5.24,0.113,0.0665,82.8,0.56,0.8779,35.8,albacore,0.9935420216687458,-4000.0,0.0,500.0,300.0
2019-07-15,2019,7,196,21.0,157.0,23.61,0.3818,-0.0378,4.88,0.105,0.1006,137.0,0.573,0.6432,26.3,albacore,0.8026099673801737,-4000.0,0.0,500.0,300.0
2019-08-15,2019,8,227,33.0,139.0,17.48,0.6139,-0.0705,6.04,0.559,0.0116,69.7,0.518,0.8244,31.8,albacore,0.7037367512638426,-3999.886474609375,0.049029409885406494,500.0,300.0
2019-08-15,2019,8,227,29.0,144.0,19.5,0.5339,-0.0754,5.66,0.479,0.0866,69.6,0.539,0.9652,38.4,albacore,0.4146866645193048,-3998.232421875,0.7569485902786255,500.0,300.0
2019-08-15,2019,8,227,26.0,150.0,20.99,0.4739,-0.0664,5.37,0.126,0.0704,57.8,0.553,0.9328,34.2,albacore,0.7886257469266268,-4000.0,0.0,500.0,300.0
2019-08-15,2019,8,227,22.0,155.0,22.95,0.3939,-0.0414,5.0,0.101,0.0579,82.3,0.568,0.7306,25.1,albacore,0.11850728069130514,-4000.0,0.0,500.0,300.0
2019-09-15,2019,9,258,34.0,137.0,17.41,0.6309,-0.0555,6.07,0.574,0.0281,114.7,0.519,0.8182,33.2,albacore,0.8094277845498616,-4000.0,4.266642008587951e-06,500.0,300.0
2019-09-15,2019,9,258,30.0,142.0,19.36,0.5509,-0.065,5.7,0.5,0.0193,72.5,0.539,0.964,40.6,albacore,0.8732632579381627,-3954.13330078125,1.357190728187561,500.0,300.0
2019-09-15,2019,9,258,27.0,148.0,20.8,0.4909,-0.0596,5.42,0.441,0.0872,41.9,0.552,0.9457,36.1,albacore,0.10329770887615469,-4000.0,0.0,500.0,300.0
2019-09-15,2019,9,258,23.0,153.0,22.69,0.4109,-0.0377,5.06,0.101,0.0872,124.5,0.567,0.7663,27.5,albacore,0.3672381782760141,-4000.0,0.0,500.0,300.0
2019-10-15,2019,10,288,33.0,139.0,19.08,0.6102,-0.0446,5.8,0.559,0.0196,107.2,0.541,0.9602,30.5,albacore,0.7990489855209828,-3999.886474609375,0.049029409885406494,500.0,300.0
2019-10-15,2019,10,288,29.0,144.0,20.8,0.5302,-0.0494,5.46,0.479,0.0276,66.5,0.556,0.9541,37.8,albacore,0.22232489004154277,-3998.232421875,0.7569485902786255,500.0,300.0
2019-10-15,2019,10,288,26.0,150.0,22.06,0.4702,-0.0405,5.21,0.126,0.0817,55.5,0.566,0.8508,33.4,albacore,0.17087579148124474,-4000.0,0.0,500.0,300.0
2019-10-15,2019,10,288,22.0,155.0,23.72,0.3902,-0.0155,4.88,0.101,0.0818,66.5,0.577,0.6318,24.8,albacore,0.773315918842903,-4000.0,0.0,500.0,300.0
2019-11-15,2019,11,319,32.0,140.0,21.04,0.59,-0.0326,5.48,0.541,0.0178,72.9,0.566,0.9518,27.8,albacore,0.7712408791109828,-3954.2109375,1.320077896118164,500.0,300.0
2019-11-15,2019,11,319,28.0,145.0,22.45,0.51,-0.0326,5.19,0.459,0.1096,40.5,0.575,0.8186,34.5,albacore,0.6131460191848858,-3999.92236328125,0.07026319205760956,500.0,300.0
2019-11-15,2019,11,319,25.0,151.0,23.48,0.45,-0.0204,4.98,0.113,0.0638,60.6,0.581,0.6796,30.2,albacore,0.34743299800005917,-4000.0,0.0,500.0,300.0
2019-11-15,2019,11,319,21.0,156.0,24.84,0.37,0.0072,4.69,0.105,0.0983,125.0,0.586,0.4795,22.1,albacore,0.5846039420182232,-4000.0,0.0,500.0,300.0
2019-12-15,2019,12,349,31.0,141.0,22.84,0.57,-0.0234,5.19,0.521,0.0147,68.0,0.587,0.7814,26.3,albacore,0.7502114817832377,-3661.661865234375,3.2673208713531494,500.0,300.0
2019-12-15,2019,12,349,27.0,146.0,23.95,0.49,-0.0186,4.95,0.441,0.0819,74.1,0.591,0.6241,32.8,albacore,0.8507068579343356,-4000.0,0.0001355491258436814,500.0,300.0
2019-12-15,2019,12,349,24.0,152.0,24.75,0.43,-0.0034,4.77,0.105,0.066,75.0,0.593,0.505,28.5,albacore,0.7713764750289154,-4000.0,0.0,500.0,300.0
2019-12-15,2019,12,349,20.0,157.0,25.8,0.35,0.026,4.53,0.113,0.0161,100.1,0.593,0.3563,20.8,albacore,0.5040184890349545,-4000.0,0.0,500.0,300.0
2020-01-15,2020,1,15,32.0,139.0,23.67,0.6018,-0.0176,5.09,0.541,0.023,71.0,0.6,0.6753,29.2,albacore,0.975287592755882,-3983.155029296875,1.0069959163665771,500.0,300.0
2020-01-15,2020,1,15,28.0,144.0,24.57,0.5218,-0.0176,4.87,0.459,0.0801,46.2,0.601,0.5426,36.1,albacore,0.8025342155723044,-3959.768310546875,1.6102532148361206,500.0,300.0
2020-01-15,2020,1,15,25.0,149.0,25.22,0.4618,-0.0054,4.72,0.113,0.0517,62.2,0.6,0.4476,31.5,albacore,0.8489482992476257,-4000.0,1.8550616687207366e-07,500.0,300.0
2020-01-15,2020,1,15,21.0,154.0,26.07,0.3818,0.0222,4.51,0.105,0.0731,102.4,0.599,0.3323,23.2,albacore,0.5388605251309353,-4000.0,0.0,500.0,300.0
2020-02-15,2020,2,46,33.0,137.0,23.87,0.6364,-0.0186,5.08,0.559,0.0184,84.0,0.605,0.6509,31.5,albacore,0.8206193665766349,-4000.0,0.0006457469426095486,500.0,300.0
2020-02-15,2020,2,46,29.0,142.0,24.7,0.5564,-0.0234,4.88,0.479,0.1177,53.6,0.605,0.529,38.8,albacore,0.8587129677550677,-3942.92333984375,1.0090205669403076,500.0,300.0
2020-02-15,2020,2,46,26.0,147.0,25.3,0.4964,-0.0145,4.73,0.426,0.0852,60.0,0.604,0.4421,34.1,albacore,0.8324602260036364,-4000.0,6.857797870907234e-06,500.0,300.0
2020-02-15,2020,2,46,22.0,152.0,26.07,0.4164,0.0105,4.53,0.101,0.0416,105.7,0.601,0.3372,25.4,albacore,0.5566149543882803,-4000.0,0.0,500.0,300.0
2020-03-15,2020,3,75,34.0,135.0,23.2,0.6726,-0.0255,5.2,0.574,0.0206,136.8,0.598,0.7442,34.2,albacore,0.5647675850235077,-4000.0,0.0,500.0,300.0
2020-03-15,2020,3,75,30.0,141.0,24.12,0.5926,-0.035,4.98,0.5,0.0181,58.5,0.6,0.6118,41.5,albacore,0.43871701450252243,-3080.298095703125,3.6613783836364746,500.0,300.0
2020-03-15,2020,3,75,27.0,146.0,24.79,0.5326,-0.0296,4.82,0.441,0.0793,31.4,0.601,0.5136,37.2,albacore,0.7226163658960326,-4000.0,0.0001355491258436814,500.0,300.0
2020-03-15,2020,3,75,23.0,151.0,25.65,0.4526,-0.0077,4.61,0.101,0.1029,108.8,0.6,0.392,28.1,albacore,0.7330389893494892,-4000.0,0.0,500.0,300.0
2020-04-15,2020,4,106,35.0,134.0,21.69,0.7,-0.0354,5.45,0.287,0.0279,81.8,0.581,0.9153,36.8,albacore,0.6058399842219993,-4000.0,0.0,500.0,300.0
2020-04-15,2020,4,106,31.0,139.0,22.83,0.62,-0.0494,5.2,0.521,0.034,29.7,0.587,0.7878,44.1,albacore,0.6270563435710736,-3661.661865234375,3.267435312271118,500.0,300.0
2020-04-15,2020,4,106,28.0,144.0,23.67,0.56,-0.0476,5.01,0.459,0.0917,94.7,0.59,0.671,39.5,albacore,0.8020993513077073,-3959.768310546875,1.6102532148361206,500.0,300.0
2020-04-15,2020,4,106,24.0,149.0,24.77,0.48,-0.0294,4.77,0.105,0.0602,70.3,0.593,0.5108,30.2,albacore,0.6682702918395927,-4000.0,6.874660357425455e-06,500.0,300.0
2020-05-15,2020,5,136,34.0,136.0,20.31,0.6726,-0.0555,5.63,0.574,0.021,77.5,0.56,0.9862,39.5,albacore,0.1842090206387953,-4000.0,0.0,500.0,300.0
2020-05-15,2020,5,136,30.0,141.0,21.74,0.5926,-0.065,5.34,0.5,0.0045,53.8,0.571,0.9017,46.8,albacore,0.7444875474178788,-3080.298095703125,3.6613783836364746,500.0,300.0
2020-05-15,2020,5,136,27.0,147.0,22.8,0.5326,-0.0596,5.12,0.441,0.0588,64.2,0.578,0.7818,42.1,albacore,0.9083394904477898,-4000.0,0.0,500.0,300.0
2020-05-15,2020,5,136,23.0,152.0,24.17,0.4526,-0.0377,4.83,0.101,0.0616,124.7,0.584,0.587,32.5,albacore,0.266858447291918,-4000.0,0.0,500.0,300.0
2020-06-15,2020,6,167,33.0,138.0,19.07,0.6364,-0.0705,5.8,0.559,0.0122,69.5,0.541,0.9625,37.1,albacore,0.9932754421673377,-3999.994384765625,0.013508989475667477,500.0,300.0
2020-06-15,2020,6,167,29.0,143.0,20.8,0.5564,-0.0754,5.46,0.479,0.0963,25.5,0.556,0.9587,44.5,albacore,0.598219921253645,-3959.65478515625,1.5464833974838257,500.0,300.0
2020-06-15,2020,6,167,26.0,149.0,22.07,0.4964,-0.0664,5.21,0.426,0.0845,87.6,0.566,0.8563,39.8,albacore,0.7286746444591862,-4000.0,0.0,500.0,300.0
2020-06-15,2020,6,167,22.0,154.0,23.73,0.4164,-0.0414,4.88,0.101,0.0479,110.0,0.577,0.6381,29.5,albacore,0.44856354754512573,-4000.0,0.0,500.0,300.0
2020-07-15,2020,7,197,32.0,140.0,18.39,0.6018,-0.0776,5.88,0.541,0.0226,81.4,0.53,0.9142,34.2,albacore,0.5786225216728784,-3954.2109375,1.320077896118164,500.0,300.0
2020-07-15,2020,7,197,28.0,145.0,20.33,0.5218,-0.0776,5.51,0.459,0.0553,24.5,0.548,0.9667,41.5,albacore,0.32577932414072897,-3999.92236328125,0.07026319205760956,500.0,300.0
2020-07-15,2020,7,197,25.0,151.0,21.75,0.4618,-0.0654,5.24,0.113,0.0904,76.6,0.56,0.8773,36.8,albacore,0.6730667052995504,-4000.0,0.0,500.0,300.0
2020-07-15,2020,7,197,21.0,156.0,23.62,0.3818,-0.0378,4.88,0.105,0.085,125.3,0.573,0.6418,27.2,albacore,0.3079860023964309,-4000.0,0.0,500.0,300.0
2020-08-15,2020,8,228,33.0,138.0,17.47,0.6139,-0.0705,6.04,0.559,0.0132,80.6,0.518,0.8236,32.5,albacore,0.8340154075492309,-3999.994384765625,0.013508989475667477,500.0,300.0
2020-08-15,2020,8,228,29.0,143.0,19.5,0.5339,-0.0754,5.66,0.479,0.0859,35.8,0.539,0.9651,39.8,albacore,0.9863560843163517,-3959.65478515625,1.5464833974838257,500.0,300.0
2020-08-15,2020,8,228,26.0,149.0,20.99,0.4739,-0.0664,5.37,0.426,0.1173,71.0,0.553,0.9326,35.1,albacore,0.9140188996627024,-4000.0,0.0,500.0,300.0
2020-08-15,2020,8,228,22.0,154.0,22.96,0.3939,-0.0414,5.0,0.101,0.0562,119.4,0.568,0.7295,26.3,albacore,0.757787440304368,-4000.0,0.0,500.0,300.0
2020-09-15,2020,9,259,34.0,136.0,17.41,0.6309,-0.0555,6.07,0.574,0.0103,103.3,0.519,0.8172,34.8,albacore,0.41051571385249885,-4000.0,0.0,500.0,300.0
2020-09-15,2020,9,259,30.0,141.0,19.36,0.5509,-0.065,5.7,0.5,0.0316,36.0,0.539,0.9639,42.1,albacore,0.6002872973455025,-3080.298095703125,3.6613783836364746,500.0,300.0
2020-09-15,2020,9,259,27.0,147.0,20.81,0.4909,-0.0596,5.42,0.441,0.0993,63.0,0.552,0.9456,37.5,albacore,0.7133781734820854,-4000.0,0.0,500.0,300.0
2020-09-15,2020,9,259,23.0,152.0,22.7,0.4109,-0.0377,5.05,0.101,0.0964,131.7,0.567,0.7654,28.2,albacore,0.28726710578274994,-4000.0,0.0,500.0,300.0
2020-10-15,2020,10,289,33.0,138.0,19.07,0.6102,-0.0446,5.8,0.559,0.0175,60.8,0.541,0.9599,31.2,albacore,0.9661637384970958,-3999.994384765625,0.013508989475667477,500.0,300.0
2020-10-15,2020,10,289,29.0,143.0,20.8,0.5302,-0.0494,5.46,0.479,0.0622,33.8,0.556,0.9542,38.5,albacore,0.8306817710825513,-3959.65478515625,1.5464833974838257,500.0,300.0
2020-10-15,2020,10,289,26.0,149.0,22.07,0.4702,-0.0405,5.21,0.426,0.0785,68.3,0.566,0.8503,34.1,albacore,0.6152879221472715,-4000.0,0.0,500.0,300.0
2020-10-15,2020,10,289,22.0,154.0,23.73,0.3902,-0.0155,4.88,0.101,0.0855,122.8,0.577,0.6305,25.5,albacore,0.8648468952581327,-4000.0,0.0,500.0,300.0
2020-11-15,2020,11,320,32.0,139.0,21.03,0.59,-0.0326,5.49,0.541,0.0201,94.8,0.566,0.9521,28.5,albacore,0.3540059584699964,-3983.155029296875,1.0069959163665771,500.0,300.0
2020-11-15,2020,11,320,28.0,144.0,22.45,0.51,-0.0326,5.19,0.459,0.0747,105.3,0.575,0.8187,35.2,albacore,0.9972884581348785,-3959.768310546875,1.6102532148361206,500.0,300.0
2020-11-15,2020,11,320,25.0,150.0,23.49,0.45,-0.0204,4.98,0.113,0.0925,53.5,0.581,0.6788,31.1,albacore,0.6966438400878648,-4000.0,0.0,500.0,300.0
2020-11-15,2020,11,320,21.0,155.0,24.85,0.37,0.0072,4.69,0.105,0.0586,128.1,0.586,0.4782,22.8,albacore,0.9117818029054382,-4000.0,0.0,500.0,300.0
2020-12-15,2020,12,350,31.0,140.0,22.84,0.57,-0.0234,5.19,0.521,0.0178,72.1,0.587,0.7821,27.1,albacore,0.16205153416243173,-3080.301513671875,3.519994020462036,500.0,300.0
2020-12-15,2020,12,350,27.0,145.0,23.95,0.49,-0.0186,4.95,0.441,0.0895,53.3,0.591,0.624,33.5,albacore,0.751258534489262,-3999.92236328125,0.07026319205760956,500.0,300.0
2020-12-15,2020,12,350,24.0,151.0,24.76,0.43,-0.0034,4.77,0.105,0.0631,51.3,0.593,0.504,29.2,albacore,0.47227705362925587,-4000.0,0.0,500.0,300.0
2020-12-15,2020,12,350,20.0,156.0,25.81,0.35,0.026,4.53,0.113,0.0155,146.5,0.594,0.355,21.5,albacore,0.3370551430446352,-4000.0,0.0,500.0,300.0
2021-01-15,2021,1,15,32.0,138.0,23.66,0.6018,-0.0176,5.09,0.541,0.0221,40.9,0.6,0.6763,30.1,albacore,0.21179538500830403,-3999.161376953125,0.28266847133636475,500.0,300.0
2021-01-15,2021,1,15,28.0,143.0,24.57,0.5218,-0.0176,4.87,0.459,0.0835,58.6,0.601,0.5429,37.2,albacore,0.9844797547440921,-3084.32763671875,2.0251517295837402,500.0,300.0
2021-01-15,2021,1,15,25.0,148.0,25.23,0.4618,-0.0054,4.72,0.113,0.0623,73.7,0.6,0.4471,32.5,albacore,0.8306731799092361,-4000.0,7.846910739317536e-05,500.0,300.0
2021-02-15,2021,2,46,33.0,136.0,23.86,0.6364,-0.0186,5.08,0.559,0.0206,53.1,0.604,0.6521,32.8,albacore,0.2808632622374335,-4000.0,4.266642008587951e-06,500.0,300.0
2021-02-15,2021,2,46,29.0,141.0,24.69,0.5564,-0.0234,4.88,0.479,0.0872,61.3,0.605,0.5295,40.1,albacore,0.15511966513998648,-3659.894287109375,2.5124828815460205,500.0,300.0
2021-02-15,2021,2,46,26.0,146.0,25.3,0.4964,-0.0145,4.73,0.426,0.1017,82.6,0.604,0.4419,35.4,albacore,0.42940579725731365,-4000.0,6.458783900598064e-05,500.0,300.0
2021-03-15,2021,3,74,34.0,134.0,23.19,0.6726,-0.0255,5.2,0.574,0.0062,68.8,0.598,0.7455,35.5,albacore,0.7646233659433715,-4000.0,0.0,500.0,300.0
2021-03-15,2021,3,74,30.0,140.0,24.12,0.5926,-0.035,4.98,0.5,0.0252,62.7,0.6,0.6125,42.8,albacore,0.6324070756670215,-1500.0,0.0013482588110491633,500.0,300.0
2021-03-15,2021,3,74,27.0,145.0,24.79,0.5326,-0.0296,4.82,0.441,0.0903,131.8,0.601,0.5135,38.2,albacore,0.818017532712227,-3999.92236328125,0.07026319205760956,500.0,300.0
2021-04-15,2021,4,105,35.0,133.0,21.68,0.7,-0.0354,5.45,0.287,0.0257,122.7,0.581,0.9163,38.1,albacore,0.8512112230699412,-4000.0,0.0,500.0,300.0
2021-04-15,2021,4,105,31.0,138.0,22.82,0.62,-0.0494,5.2,0.521,0.0295,70.8,0.587,0.7886,45.5,albacore,0.6892434396785354,-3983.155029296875,1.0278156995773315,500.0,300.0
2021-04-15,2021,4,105,28.0,143.0,23.67,0.56,-0.0476,5.01,0.459,0.0737,66.1,0.59,0.6712,40.8,albacore,0.3565711798538187,-3084.32763671875,2.0251517295837402,500.0,300.0
2021-05-15,2021,5,135,34.0,135.0,20.3,0.6726,-0.0555,5.64,0.574,0.0123,82.8,0.56,0.9863,40.8,albacore,0.6895102396401189,-4000.0,0.0,500.0,300.0
2021-05-15,2021,5,135,30.0,140.0,21.74,0.5926,-0.065,5.34,0.5,0.0151,54.1,0.571,0.9021,48.1,albacore,0.44056313184556795,-1500.0,0.0013482588110491633,500.0,300.0
2021-05-15,2021,5,135,27.0,146.0,22.8,0.5326,-0.0596,5.12,0.441,0.1263,17.4,0.578,0.7816,43.5,albacore,0.4795728419808438,-4000.0,0.0001355491258436814,500.0,300.0
2021-06-15,2021,6,166,33.0,137.0,19.07,0.6364,-0.0705,5.8,0.559,0.0269,43.7,0.541,0.9621,38.5,albacore,0.2025498040301805,-4000.0,0.0006457469426095486,500.0,300.0
2021-06-15,2021,6,166,29.0,142.0,20.8,0.5564,-0.0754,5.46,0.479,0.0706,71.9,0.556,0.9588,45.8,albacore,0.4094904113526634,-3942.92333984375,1.0090205669403076,500.0,300.0
2021-06-15,2021,6,166,26.0,148.0,22.07,0.4964,-0.0664,5.21,0.426,0.0813,39.9,0.566,0.8559,41.2,albacore,0.9430828911373629,-4000.0,1.8550616687207366e-07,500.0,300.0
2021-07-15,2021,7,196,32.0,139.0,18.39,0.6018,-0.0776,5.88,0.541,0.0128,79.4,0.53,0.9138,35.8,albacore,0.6175691182873068,-3983.155029296875,1.0069959163665771,500.0,300.0
2021-07-15,2021,7,196,28.0,144.0,20.33,0.5218,-0.0776,5.51,0.459,0.0654,55.2,0.548,0.9667,42.8,albacore,0.8363692744967145,-3959.768310546875,1.6102532148361206,500.0,300.0
2021-07-15,2021,7,196,25.0,150.0,21.75,0.4618,-0.0654,5.24,0.113,0.0809,57.6,0.56,0.8768,38.1,albacore,0.5173037312926367,-4000.0,0.0,500.0,300.0
2021-08-15,2021,8,227,33.0,137.0,17.47,0.6139,-0.0705,6.04,0.559,0.0414,88.6,0.518,0.8227,33.8,albacore,0.727540119208041,-4000.0,0.0006457469426095486,500.0,300.0
2021-08-15,2021,8,227,29.0,142.0,19.5,0.5339,-0.0754,5.66,0.479,0.0395,53.8,0.539,0.9651,40.5,albacore,0.7831768975237247,-3942.92333984375,1.0090205669403076,500.0,300.0
2021-08-15,2021,8,227,26.0,148.0,21.0,0.4739,-0.0664,5.37,0.426,0.0668,78.5,0.553,0.9324,36.2,albacore,0.1723338718729549,-4000.0,1.8550616687207366e-07,500.0,300.0
2021-09-15,2021,9,258,34.0,135.0,17.4,0.6309,-0.0555,6.07,0.574,0.0121,85.3,0.519,0.8161,36.1,albacore,0.12886836882607697,-4000.0,0.0,500.0,300.0
2021-09-15,2021,9,258,30.0,140.0,19.35,0.5509,-0.065,5.7,0.5,0.025,69.8,0.539,0.9637,43.5,albacore,0.7628106634403115,-1500.0,0.0013482588110491633,500.0,300.0
2021-09-15,2021,9,258,27.0,146.0,20.81,0.4909,-0.0596,5.42,0.441,0.056,48.1,0.553,0.9455,38.8,albacore,0.4703947511116927,-4000.0,0.0001355491258436814,500.0,300.0
2021-10-15,2021,10,288,33.0,137.0,19.07,0.6102,-0.0446,5.8,0.559,0.0153,62.8,0.541,0.9595,32.5,albacore,0.8757985926835082,-4000.0,0.0006457469426095486,500.0,300.0
2021-10-15,2021,10,288,29.0,142.0,20.8,0.5302,-0.0494,5.46,0.479,0.1153,58.2,0.556,0.9543,39.8,albacore,0.18790415480841882,-3942.92333984375,1.0090205669403076,500.0,300.0
2021-10-15,2021,10,288,26.0,148.0,22.07,0.4702,-0.0405,5.21,0.426,0.0548,79.8,0.566,0.8499,35.2,albacore,0.9565708273216731,-4000.0,1.8550616687207366e-07,500.0,300.0
2021-11-15,2021,11,319,32.0,138.0,21.02,0.59,-0.0326,5.49,0.541,0.0412,86.4,0.566,0.9525,29.8,albacore,0.4623294582600964,-3999.161376953125,0.28266847133636475,500.0,300.0
2021-11-15,2021,11,319,28.0,143.0,22.45,0.51,-0.0326,5.19,0.459,0.0496,41.2,0.575,0.8189,36.5,albacore,0.6328527720001798,-3084.32763671875,2.0251517295837402,500.0,300.0
2021-11-15,2021,11,319,25.0,149.0,23.49,0.45,-0.0204,4.98,0.113,0.1053,56.5,0.581,0.6781,32.1,albacore,0.36455783310186707,-4000.0,1.8550616687207366e-07,500.0,300.0
2021-12-15,2021,12,349,31.0,139.0,22.83,0.57,-0.0234,5.2,0.521,0.0244,73.3,0.587,0.7828,28.2,albacore,0.7895897534543413,-3661.661865234375,3.267435312271118,500.0,300.0
2021-12-15,2021,12,349,27.0,144.0,23.95,0.49,-0.0186,4.95,0.441,0.0615,53.6,0.591,0.6241,34.8,albacore,0.4506228999454147,-3959.768310546875,1.6102104187011719,500.0,300.0
2021-12-15,2021,12,349,24.0,150.0,24.76,0.43,-0.0034,4.77,0.105,0.0152,61.1,0.593,0.5032,30.5,albacore,0.2428059722651259,-4000.0,0.0,500.0,300.0
